UTB;1013;UTBYTE BUMPBAR SOTEC;0;508;;1;0.00;0.00;0.00;0.00;0.00;0.00;0.00;0.00
UTB;1015;UTBYTE VIDEO-EXTENDER;0;508;;1;0.00;0.00;0.00;0.00;0.00;0.00;0.00;0.00
UTB;1030;UTBYTE ÖVRIGT;0;0;;1;0.00;0.00;0.00;0.00;0.00;0.00;0.00;0.00
UTB;1034;UTBYTE CHARGER HME;0;671;;1;0.00;620.00;0.00;0.00;0.00;0.00;0.00;0.00
UTB;1035;UTBYTE SCHILLER COD PSU;0;508;;1;0.00;0.00;0.00;0.00;0.00;0.00;0.00;0.00
UTB;1036;UTBYTE SCHILLER COD 17";0;1007;;1;0.00;0.00;0.00;0.00;0.00;0.00;0.00;0.00
UTB;1038;UTLÅN BASSTATION 6100/6300;0;785;;1;0.00;0.00;0.00;0.00;0.00;0.00;0.00;0.00
UTB;1039;UTLÅN SATO-PRINTER;0;1051;;1;0.00;0.00;0.00;0.00;0.00;0.00;0.00;0.00
UTB;1046;NYLAGER;0;0;;1;0.00;0.00;0.00;0.00;0.00;0.00;0.00;0.00
UTB;1050;UTLÅN KASSA JS960;0;1380;;1;0.00;0.00;0.00;0.00;0.00;0.00;0.00;0.00
UTB;1061;UTBYTE ION AIO 6100 HEADSET;0;659;;1;0.00;620.00;0.00;0.00;0.00;0.00;0.00;0.00
UTB;1062;UTBYTE EOS AIO 6200 HEADSET;0;659;;1;0.00;620.00;0.00;0.00;0.00;0.00;0.00;0.00
UTB;1063;UTBYTE PRINTER TM-T70;0;671;;1;0.00;620.00;0.00;0.00;0.00;0.00;0.00;0.00
UTB;1065;UTBYTE EOS 6300/CHROME HEADSET;0;639;;1;581.00;639.00;0.00;0.00;0.00;0.00;0.00;0.00
UTB;1076;UTBYTE DIEBOLD;0;998;;1;0.00;0.00;0.00;0.00;0.00;0.00;0.00;0.00
UTB;1080;UTBYTE WYSE 7020;0;639;;1;0.00;0.00;0.00;0.00;0.00;0.00;0.00;0.00
UTB;1081;UTBYTE NCR ZERO CLIENT;0;495;;1;0.00;0.00;0.00;0.00;0.00;0.00;0.00;0.00
UTB;1082;CU50 DASHBOARD;0;785;;1;0.00;0.00;0.00;0.00;0.00;0.00;0.00;0.00
UTB;1083;TSP50 DASHBOARD;0;785;;1;0.00;0.00;0.00;0.00;0.00;0.00;0.00;0.00
UTB;1090;UTBYTE LIDL PRO7 HEADSET;0;540;;1;0.00;0.00;0.00;0.00;0.00;0.00;0.00;540.00
UTB;1091;UTBYTE LIDL PRO7 CHARGER;0;0;;1;0.00;0.00;0.00;0.00;0.00;0.00;0.00;540.00
UTB;1092;UTBYTE LIDL PRO7 BASESTATION;0;0;;1;0.00;0.00;0.00;0.00;0.00;0.00;0.00;690.00
UTB;1095;UTBYTE HDD JS950;0;1236;;1;0.00;0.00;0.00;0.00;0.00;0.00;0.00;0.00
UTB;1096;UTBYTE HP T630 THIN CLIENT;0;639;;1;0.00;0.00;0.00;0.00;0.00;0.00;0.00;0.00
UTB;2000;FÖRSENINGSAVGIFT;0;375;;1;0.00;0.00;0.00;0.00;0.00;0.00;0.00;0.00
UTB;2001;FÖRSENINGSAVGIFT DN;0;450;;1;0.00;0.00;0.00;0.00;0.00;0.00;0.00;0.00
AAP;AA-ÖVRIGT;ÖVRIGT AA-POS;0;0;;1;0.00;0.00;0.00;0.00;0.00;0.00;0.00;0.00
AAP;AH-5073591;PATCH FIBERKABEL;0;0;;1;0.00;0.00;0.00;0.00;399.00;0.00;0.00;0.00
ARB;AKOST;ARBETSKOSTNAD;0;0;;1;0.00;0.00;0.00;0.00;0.00;0.00;0.00;0.00
AV;ARB-MASKIN;HYRA ARBETSMASKIN;0;0;;1;0.00;0.00;0.00;0.00;0.00;0.00;0.00;0.00
ARB;ARBETE;ARBETE;0;0;;1;0.00;0.00;0.00;0.00;0.00;0.00;0.00;0.00
ARB;AT1;ARBETSTID  06.00-17.00;-32;660;;1;519.00;606.00;606.00;606.00;636.00;588.00;0.00;606.00
ARB;AT2;ARBETSTID 17.00-22.00;0;990;;1;768.00;877.00;877.00;877.00;954.00;851.00;0.00;877.00
ARB;AT3;ARBETSTID 22.00-06.00;0;1418;;1;1017.00;1190.00;1190.00;1190.00;1140.00;1156.00;0.00;1190.00
ARB;ATPL1;ARBETSTID PI LEAD 06-17;0;0;;1;0.00;0.00;0.00;0.00;827.00;0.00;0.00;0.00
ARB;ATPL2;ARBETSTID PI LEAD 17-22;0;0;;1;0.00;0.00;0.00;0.00;1272.00;0.00;0.00;0.00
ARB;ATPL3;ARBETSTID PI LEAD 22-06/HELG;0;0;;1;0.00;0.00;0.00;0.00;1590.00;0.00;0.00;0.00
ARB;ATPS1;ARBETSTID PI SYSTEM 06-17;0;731;;1;0.00;0.00;0.00;0.00;731.00;0.00;0.00;0.00
ARB;ATPS2;ARBETSTID PI SYSTEM 17-22;0;0;;1;0.00;0.00;0.00;0.00;1049.00;0.00;0.00;0.00
ARB;ATPS3;ARBETSTID PI SYSTEM 22-06/HELG;0;0;;1;0.00;0.00;0.00;0.00;1346.00;0.00;0.00;0.00
ARB;ATPT1;ARBETSTID PI TEKNIKER 06-17;0;510;;1;0.00;0.00;0.00;0.00;541.00;0.00;0.00;0.00
ARB;ATPT2;ARBETSTID PI TEKNIKER 17-22;0;0;;1;0.00;0.00;0.00;0.00;848.00;0.00;0.00;0.00
ARB;ATPT3;ARBETSTID PI TEKNIKER 22-06/HE;0;0;;1;0.00;0.00;0.00;0.00;1102.00;0.00;0.00;0.00
ARB;ATS1;ARB.TID SUPP/PROJ 06-17;0;906;;1;0.00;0.00;0.00;0.00;0.00;0.00;0.00;0.00
ARB;ATS2;ARB.TID SUPP/PROJ 17-22;0;1389;;1;0.00;0.00;0.00;0.00;0.00;0.00;0.00;0.00
ARB;ATS3;ARB.TID SUPP/PROJ NATT/HELG;0;1743;;1;0.00;0.00;0.00;0.00;0.00;0.00;0.00;0.00
AV;AX-121042;VÄDERSKYDD KAMERA  S;0;311;;1;0.00;0.00;0.00;0.00;300.00;0.00;0.00;0.00
AV;AX-121142;VÄDERSKYDD KAMERA  L;0;415;;1;0.00;0.00;0.00;0.00;401.00;0.00;0.00;0.00
AV;AX-P1214-E;AXIS COD P1214;2;5100;O63;2;0.00;0.00;0.00;0.00;0.00;0.00;0.00;0.00
AV;AX-P3904-R;AXIS MERGE P3904;0;5195;O63;2;0.00;0.00;0.00;0.00;0.00;0.00;0.00;0.00
HME;BEE-17BRACKET;BRACKET 2-PACK;12;490;M22;2;0.00;0.00;0.00;0.00;0.00;0.00;0.00;0.00
HME;BEE-17VG7M;SKÄRM 17" SPEAKERBOX;6;4975;M22;2;0.00;0.00;0.00;0.00;0.00;0.00;0.00;0.00
RESA;BIL;KOSTNAD BILHYRA;0;0;;1;0.00;0.00;0.00;0.00;0.00;0.00;0.00;0.00
AAP;BP-FÄSTE L;BUMPBARFÄSTE MFY LIGGANDE;72;670;N53;2;0.00;0.00;0.00;0.00;647.00;0.00;0.00;0.00
AAP;BP-FÄSTE S;BUMPBARFÄSTE MFY STÅENDE;32;670;N53;2;0.00;0.00;0.00;0.00;647.00;0.00;0.00;0.00
FRA;BREV;PORTO;0;0;;1;0.00;0.00;0.00;0.00;0.00;0.00;0.00;0.00
RESA;BÅT;KOSTNAD BÅTRESA;0;0;;1;0.00;0.00;0.00;0.00;0.00;0.00;0.00;0.00
DAT;CS-5854527;24" MONITOR HDMI;0;0;;2;0.00;0.00;0.00;0.00;0.00;0.00;0.00;0.00
DAT;DATOR;DATOR;0;0;X;2;0.00;0.00;0.00;0.00;0.00;0.00;0.00;0.00
DAT;DEL-109;APPARATKABEL - 2m;0;52;B22;1;0.00;0.00;0.00;0.00;50.00;0.00;0.00;0.00
DAT;DEL-109A;APPARATKABEL OJORDAD 2M;18;62;N22+N32;2;0.00;0.00;0.00;0.00;59.00;0.00;0.00;0.00
DAT;DEL-109AN;APPARATKABEL OJORDAD 5M;0;62;N22;1;0.00;0.00;0.00;0.00;59.00;0.00;0.00;0.00
DAT;DEL-109B;NÄTSLADD PC&VÄGG VINKLAD;0;31;A71;1;0.00;0.00;0.00;0.00;30.00;0.00;0.00;0.00
DAT;DEL-109FA;APPARATKABEL 3m, 3pin NOTEBOOK;11;73;N31;2;0.00;0.00;0.00;0.00;70.00;0.00;0.00;0.00
DAT;DEL-109G;APPARATKABEL 5m, 3pin NOTEBOOK;30;101;N41;2;0.00;0.00;0.00;0.00;101.00;0.00;0.00;0.00
DAT;DEL-111;APPARATKABEL 5m;44;101;N21+N22;2;0.00;0.00;0.00;0.00;101.00;0.00;0.00;0.00
DAT;DEL-111B;APPARATKABEL VINKLAD 5m;10;101;N41;2;0.00;0.00;0.00;0.00;101.00;0.00;0.00;0.00
DAT;DEL-112-50;FÖRLÄNGNINGSKABEL PC&SK;28;42;N23;2;0.00;0.00;0.00;0.00;40.00;0.00;0.00;0.00
DAT;DEL-112D;ELFÖRLÄNGNING 5M;29;160;N31+N35;2;0.00;0.00;0.00;0.00;90.00;0.00;0.00;0.00
NET;DEL-19-18U1000;GOLVSKÅP 19"  18U 600x1000;0;5726;;2;0.00;0.00;0.00;0.00;0.00;0.00;0.00;0.00
NET;DEL-19-22U1000;GOLVSKÅP 19"  22U 600x1000;0;0;;2;0.00;0.00;0.00;0.00;6107.00;0.00;0.00;0.00
NET;DEL-19-22U600;DATASKÅP 22U 600;0;4575;;2;0.00;0.00;0.00;0.00;4850.00;0.00;0.00;0.00
NET;DEL-19-22U800;GOLVSKÅP 19"  22U 600x800;0;5990;;2;0.00;0.00;0.00;0.00;5990.00;0.00;0.00;0.00
NET;DEL-19-27U600;DATASKÅP 27U 600;0;5200;;2;0.00;0.00;0.00;0.00;5687.00;0.00;0.00;0.00
NET;DEL-19-27U800;GOLVSKÅP 19" 27U 600x800;1;6985;;2;0.00;0.00;0.00;0.00;6396.00;0.00;0.00;0.00
NET;DEL-19-32U1000;GOLVSKÅP 19"  32U 600x1000;0;0;;2;0.00;0.00;0.00;0.00;7733.00;0.00;0.00;0.00
NET;DEL-19-32U800;GOLVSKÅP 19"  32U 600x800;0;0;;2;0.00;0.00;0.00;0.00;7733.00;0.00;0.00;0.00
NET;DEL-19-37U1000;GOLVSKÅP 19"  37U 600x1000;0;8590;;2;0.00;0.00;0.00;0.00;8893.00;0.00;0.00;0.00
NET;DEL-19-37U800;GOLVSKÅP 19"  37U 600x800;0;7995;;2;0.00;0.00;0.00;0.00;7995.00;0.00;0.00;0.00
NET;DEL-19-42U1000;DATASKÅP 42U 1000;0;8561;;2;0.00;0.00;0.00;0.00;8790.00;0.00;0.00;0.00
NET;DEL-19-6612;VÄGGSKÅP 19"  12U 600x600;1;2508;;2;0.00;0.00;0.00;0.00;2658.00;0.00;0.00;0.00
NET;DEL-19-6618;VÄGGSKÅP 19"  18U 600x600;0;3439;;2;0.00;0.00;0.00;0.00;3452.00;0.00;0.00;0.00
NET;DEL-19-FH10;FAST HYLLA  800 SKÅP;1;0;;2;0.00;0.00;0.00;0.00;610.00;0.00;0.00;0.00
NET;DEL-19-FH17;HYLLA  380mm;7;0;M32;2;0.00;0.00;0.00;0.00;610.00;0.00;0.00;0.00
NET;DEL-19-FH18;FAST HYLLA 600 SKÅP;0;606;M32;2;0.00;0.00;0.00;0.00;610.00;0.00;0.00;0.00
NET;DEL-19-FH38;FAST HYLLA FÖR 800 SKÅP;2;0;M31;2;0.00;0.00;0.00;0.00;610.00;0.00;0.00;0.00
NET;DEL-19-FLÄKT;FLÄKTPAKET DATASKÅP;5;916;M32;2;0.00;0.00;0.00;0.00;883.00;0.00;0.00;0.00
NET;DEL-19-GREN;GRENUTTAG DATASKÅP;9;366;M32;2;0.00;0.00;0.00;0.00;366.00;0.00;0.00;0.00
NET;DEL-19-LS68G;L-PROFILER FÖR GOLV & VÄGGSKÅP;10;0;;2;0.00;0.00;0.00;0.00;250.00;0.00;0.00;0.00
DAT;DEL-32E;PRINTERKABEL, SERIELL 3m;12;104;N21;2;0.00;0.00;0.00;0.00;101.00;0.00;0.00;0.00
DAT;DEL-37S;FÖRLÄNGNINGSKABEL IPP350;79;73;N11;2;0.00;0.00;0.00;0.00;70.00;0.00;0.00;0.00
DAT;DEL-38;FÖRLÄNGNINGSKABEL DB9ha-ho;45;78;N11;2;0.00;0.00;0.00;0.00;83.00;0.00;0.00;0.00
DAT;DEL-39;MONITORKABEL HD15ha-ho;0;42;O12;1;0.00;0.00;0.00;0.00;40.00;0.00;0.00;0.00
NET;DEL-665-U;SKARVDON TP-KABEL;6;56;O52;2;0.00;0.00;0.00;0.00;0.00;0.00;0.00;0.00
DAT;DEL-ARM-178A;VÄGGFÄSTE LCD/TFT 4 LEDER;14;519;O71;2;415.00;620.00;0.00;0.00;500.00;0.00;0.00;0.00
DAT;DEL-ARM-402;VÄGGFÄSTE, LCD/TFT, 1 LED;11;175;M32;2;0.00;0.00;0.00;0.00;175.00;0.00;0.00;0.00
DAT;DEL-ARM-410;VÄGGFÄSTE PLATT;8;93;M32;2;0.00;0.00;0.00;0.00;90.00;0.00;0.00;0.00
DAT;DEL-ARM-416C;TAKFÄSTE EPZI 37-70";4;940;L11;2;0.00;0.00;0.00;0.00;906.00;0.00;0.00;0.00
DAT;DEL-ARM-425;VÄGGFÄSTE 3-LEDAT;2;0;;2;0.00;0.00;0.00;0.00;0.00;0.00;0.00;0.00
DAT;DEL-ARM-442;TAKFÄSTE EPZI för armatur tilt;0;415;M42;2;0.00;0.00;0.00;0.00;401.00;0.00;0.00;0.00
DAT;DEL-ARM-443;MONITORFÄSTE EPZI 1 monitor;0;415;M42;2;0.00;0.00;0.00;0.00;401.00;0.00;0.00;0.00
DAT;DEL-ARM-45;TAKFÄSTE;0;923;;3;0.00;0.00;0.00;0.00;890.00;0.00;0.00;0.00
DAT;DEL-ARM-452;LÅNGT RÖR EPZI TAK;0;306;M42;2;0.00;0.00;0.00;0.00;295.00;0.00;0.00;0.00
DAT;DEL-ARM-453;FÖRLÄNGN.RÖR EPZI TAK;0;306;M42;2;0.00;0.00;0.00;0.00;295.00;0.00;0.00;0.00
DAT;DEL-ARM-454;SKARVRÖR EPZI;0;50;M42;2;0.00;0.00;0.00;0.00;49.00;0.00;0.00;0.00
DAT;DEL-ARM-510;VÄGGFÄSTE 1-LEDAT;9;409;;2;0.00;0.00;0.00;0.00;372.00;0.00;0.00;0.00
DAT;DEL-ARM-511;VÄGGFÄSTE 2-LEDAT;0;464;;2;0.00;0.00;0.00;0.00;422.00;0.00;0.00;0.00
DAT;DEL-ARM-512;VÄGGFÄSTE 4-LEDAT;0;519;M31;2;0.00;0.00;0.00;0.00;472.00;0.00;0.00;0.00
DAT;DEL-BR900GI;APC BACK-UPS 900VA;8;2995;PALL;2;0.00;0.00;0.00;0.00;3069.00;0.00;0.00;0.00
AAP;DEL-CS001E;HÅLLARE FÖR DATORLÅDOR;0;350;KALL;1;0.00;0.00;0.00;0.00;300.00;0.00;0.00;0.00
DAT;DEL-DP-VGA7;DISPLAYPORT VGA ADAPTER;17;183;O23;2;0.00;0.00;0.00;0.00;176.00;0.00;0.00;0.00
DAT;DEL-DVI-600;MONITORKABEL DVI-D ha-ha 1m;39;145;O24;2;0.00;0.00;0.00;0.00;145.00;0.00;0.00;0.00
DAT;DEL-DVI-VGA;DVI VGA ADAPTER;0;57;;1;0.00;0.00;0.00;0.00;55.00;0.00;0.00;0.00
DAT;DEL-HDMI-1015;HDMI KABEL 1,5m;48;145;O1;2;0.00;0.00;0.00;0.00;0.00;0.00;0.00;0.00
DAT;DEL-HDMI-1030;HDMI KABEL 3m;80;195;;2;0.00;0.00;0.00;0.00;0.00;0.00;0.00;0.00
DAT;DEL-HDMI-1080;KABEL HDMI 15m;6;595;;2;0.00;0.00;0.00;0.00;0.00;0.00;0.00;0.00
DAT;DEL-HDMI-1250;HDMI KABEL 25m;5;795;;2;0.00;0.00;0.00;0.00;0.00;0.00;0.00;0.00
DAT;DEL-HDMI-7036;HDMI FÖRLÄNGARE ULTRA;15;0;;2;0.00;0.00;0.00;0.00;0.00;0.00;0.00;0.00
DAT;DEL-HDMI-7050;HDMI SPLITTER 1 IN x 2 UT;6;0;;2;0.00;0.00;0.00;0.00;0.00;0.00;0.00;0.00
DAT;DEL-JUE130;USB ETHERNET ADAPTER;0;310;O64;1;0.00;0.00;0.00;0.00;0.00;0.00;0.00;0.00
NET;DEL-MD-11D;MODULARSKARVDON 8P/8C RJ45;28;52;O52;2;0.00;0.00;0.00;0.00;50.00;0.00;0.00;0.00
DAT;DEL-MD-3;MODULARKONTAKT RJ45;0;0;;1;0.00;0.00;0.00;0.00;0.00;0.00;0.00;0.00
DAT;DEL-RGB-2;KABEL, MONITOR-RGB 2m;0;166;O13;1;0.00;0.00;0.00;0.00;160.00;0.00;0.00;0.00
DAT;DEL-RGB-2B;KABEL, MONITOR-RGB 5m;20;156;O13;2;0.00;0.00;0.00;0.00;151.00;0.00;0.00;0.00
DAT;DEL-RGB-2C;KABEL, MONITOR- RGB 10m;6;208;O15;2;0.00;0.00;0.00;0.00;200.00;0.00;0.00;0.00
DAT;DEL-RGB-6;KABEL, RGB FÖRL 2m;11;92;O12;2;0.00;0.00;0.00;0.00;89.00;0.00;0.00;0.00
DAT;DEL-RGB-6A;KABEL FÖRL. RGB HD 3m;7;105;O11;2;0.00;0.00;0.00;0.00;105.00;0.00;0.00;0.00
DAT;DEL-RGB-6B;KABEL, RGB FÖRL. 5m;2;161;O12;2;0.00;0.00;0.00;0.00;156.00;0.00;0.00;0.00
DAT;DEL-RGB-6C;KABEL, RGB FÖRL, 10m;0;233;O21;1;0.00;0.00;0.00;0.00;225.00;0.00;0.00;0.00
DAT;DEL-RGB-7;KABEL, MONITOR RGB 0,5m;31;82;O14;2;0.00;0.00;0.00;0.00;80.00;0.00;0.00;0.00
DAT;DEL-RGB-8E;KABEL, MONITOR RGB 20m;0;337;O21;1;0.00;0.00;0.00;0.00;325.00;0.00;0.00;0.00
DAT;DEL-SH-321;TABLET VAJERLÅS KEY;3;655;M22;2;0.00;0.00;0.00;0.00;0.00;0.00;0.00;0.00
DAT;DEL-SH-333;TABLET VAJERLÅS CODE;2;540;M22;2;0.00;0.00;0.00;0.00;0.00;0.00;0.00;0.00
DAT;DEL-SH-450;TABLET VAJERLÅS MED STÄLL;0;795;M22;1;0.00;0.00;0.00;0.00;0.00;0.00;0.00;0.00
960;DEL-SSD256GB;SOLIDSTATEDISK 256GB;3;1090;C64;2;0.00;0.00;0.00;0.00;0.00;0.00;0.00;0.00
DAT;DEL-TB-113;TANGENTBORD KOMPAKT;2;195;M22;2;0.00;0.00;0.00;0.00;207.00;0.00;0.00;0.00
DAT;DEL-TB-53;TANGENTBORD USB;2;195;M22;2;0.00;0.00;0.00;0.00;195.00;0.00;0.00;0.00
DAT;DEL-TL-POE150S;TP-LINK PoE INJECTOR;0;330;O63;1;0.00;0.00;0.00;0.00;288.00;0.00;0.00;0.00
NET;DEL-TP-03;PATCHKABEL, 0.3m GRÅ;310;31;O24;2;0.00;0.00;0.00;0.00;30.00;0.00;0.00;0.00
NET;DEL-TP-03G;PATCHKABEL, 0.3m GRÖN;69;42;;2;0.00;0.00;0.00;0.00;40.00;0.00;0.00;0.00
NET;DEL-TP-03R;PATCHKABEL, 0.3m RÖD;34;31;;2;0.00;0.00;0.00;0.00;30.00;0.00;0.00;0.00
NET;DEL-TP-05;PATCHKABEL, 0.5m GRÅ;26;42;O34;2;0.00;0.00;0.00;0.00;40.00;0.00;0.00;0.00
NET;DEL-TP-05B;PATCHKABEL 0.5m BLÅ;53;42;O42;2;0.00;0.00;0.00;0.00;40.00;0.00;0.00;0.00
NET;DEL-TP-05G;PATCHKABEL, 0.5m GRÖN;136;42;O44;2;0.00;0.00;0.00;0.00;40.00;0.00;0.00;0.00
NET;DEL-TP-05GL;PATCHKABEL, 0.5m GUL;0;42;O54;1;0.00;0.00;0.00;0.00;40.00;0.00;0.00;0.00
NET;DEL-TP-05OR;PATCHKABEL 0.5m ORANGE;56;42;O31;2;0.00;0.00;0.00;0.00;40.00;0.00;0.00;0.00
NET;DEL-TP-05R;PATCHKABEL, 0.5m RÖD;16;40;;2;0.00;0.00;0.00;0.00;40.00;0.00;0.00;0.00
NET;DEL-TP-1;PATCHKABEL, 1m GRÅ;100;52;O34;2;0.00;0.00;0.00;0.00;50.00;0.00;0.00;0.00
NET;DEL-TP-10;PATCHKABEL, 10 m GRÅ;7;114;O33;2;0.00;0.00;0.00;0.00;110.00;0.00;0.00;0.00
NET;DEL-TP-1B;PATCHKABEL, 1m BLÅ;91;52;O42;2;0.00;0.00;0.00;0.00;50.00;0.00;0.00;0.00
NET;DEL-TP-1G;PATCHKABEL, 1m GRÖN;194;52;O44;2;0.00;0.00;0.00;0.00;50.00;0.00;0.00;0.00
NET;DEL-TP-1GL;PATCHKABEL, 1m GUL;72;52;O54;2;0.00;0.00;0.00;0.00;50.00;0.00;0.00;0.00
NET;DEL-TP-1OR;PATCHKABEL 1m ORANGE;6;52;O31;2;0.00;0.00;0.00;0.00;50.00;0.00;0.00;0.00
NET;DEL-TP-1R;PATCHKABEL, 1m RÖD;51;52;O44;2;0.00;0.00;0.00;0.00;0.00;0.00;0.00;0.00
NET;DEL-TP-2;PATCHKABEL, 2m GRÅ;44;62;O34;2;80.00;100.00;0.00;0.00;59.00;0.00;0.00;0.00
NET;DEL-TP-20;PATCHKABEL 20m GRÅ;8;141;O32;2;0.00;0.00;0.00;0.00;0.00;0.00;0.00;0.00
NET;DEL-TP-25;PATCHKABEL, 25m GRÅ;3;175;O32;2;128.00;160.00;0.00;0.00;151.00;0.00;0.00;0.00
NET;DEL-TP-2B;PATCHKABEL, 2m BLÅ;9;62;O42;2;0.00;0.00;0.00;0.00;59.00;0.00;0.00;0.00
NET;DEL-TP-2G;PATCHKABEL, 2m GRÖN;73;62;O43;2;0.00;0.00;0.00;0.00;59.00;0.00;0.00;0.00
NET;DEL-TP-2GL;PATCHKABEL, 2m GUL;94;62;O53;2;0.00;0.00;0.00;0.00;59.00;0.00;0.00;0.00
NET;DEL-TP-3;PATCHKABEL 3m GRÅ;48;73;O33;2;0.00;0.00;0.00;0.00;70.00;0.00;0.00;0.00
NET;DEL-TP-35;PATCHKABEL 35m GRÅ;0;0;O31;2;0.00;0.00;0.00;0.00;0.00;0.00;0.00;0.00
NET;DEL-TP-3G;PATCHKABEL, 3m GRÖN;62;73;O43;2;0.00;0.00;0.00;0.00;70.00;0.00;0.00;0.00
NET;DEL-TP-3GL;PATCHKABEL 3m GUL;36;73;O53;2;0.00;0.00;0.00;0.00;70.00;0.00;0.00;0.00
NET;DEL-TP-5;PATCHKABEL, 5m GRÅ;0;83;PALL;1;0.00;0.00;0.00;0.00;81.00;0.00;0.00;0.00
NET;DEL-TP-50;PATCHKABEL  50m;2;325;O31;2;0.00;0.00;325.00;0.00;0.00;0.00;0.00;0.00
NET;DEL-TP-5GL;PATCHKABEL 5m GUL;0;83;O53;1;0.00;0.00;0.00;0.00;81.00;0.00;0.00;0.00
NET;DEL-TP-65G;PATCHKABEL 5m GRÖN;7;83;O43;2;0.00;0.00;0.00;0.00;81.00;0.00;0.00;0.00
DAT;DEL-USB-210;USB KABEL 1m;26;52;D22;2;0.00;0.00;0.00;0.00;50.00;0.00;0.00;0.00
DAT;DEL-USB-220;KABEL USB 2m;0;59;N32;1;0.00;0.00;0.00;0.00;59.00;0.00;0.00;0.00
DAT;DEL-USB-250;KABEL USB 5m;0;59;N33+M23;1;0.00;0.00;0.00;0.00;59.00;0.00;0.00;0.00
DAT;DEL-USB-EX10M;USB KABEL 10M;6;295;N23;2;0.00;0.00;0.00;0.00;284.00;0.00;0.00;0.00
DAT;DEL-USB2-13;USB FÖRL. KABEL, 3m;36;42;N32;2;0.00;0.00;0.00;0.00;40.00;0.00;0.00;0.00
DAT;DEL-USB2-15;USB-KABEL HANE 1 M;28;31;N32;2;0.00;0.00;0.00;0.00;30.00;0.00;0.00;0.00
DAT;DEL-VE-150;VIDEO EXTENDER COD SVART;8;1530;O14;2;0.00;0.00;0.00;0.00;1431.00;0.00;0.00;0.00
DAT;DEL-VE011-A;MONITORKABEL DVI-D ha-ha 2m;26;175;;2;0.00;0.00;0.00;0.00;175.00;0.00;0.00;0.00
DAT;DEL-VE011-B;MONITORKABEL DVI-D ha-ha 3m;29;195;;2;0.00;0.00;0.00;0.00;195.00;0.00;0.00;0.00
DAT;DEL-VGA-12A;VGA-KABEL Y, 2 MONITORER;30;197;O11;2;0.00;0.00;0.00;0.00;190.00;0.00;0.00;0.00
DAT;DEL-VGA-ET02;VGA UTP EXTENDER;0;0;O14;1;0.00;0.00;0.00;0.00;0.00;0.00;0.00;0.00
DAT;DEL-VS-92A;VGA-SPLITTER 1-2 ATEN;3;263;O22;2;0.00;0.00;0.00;0.00;253.00;0.00;0.00;0.00
DAT;DEL-VS-94A;VGA-SPLITTER 1-4 ATEN;3;511;O22;2;0.00;0.00;0.00;0.00;493.00;0.00;0.00;0.00
DAT;DEL-VSC-12;VGA-SPLITTER/FÖRSTÄRKARE;0;218;O11;1;0.00;0.00;0.00;0.00;210.00;0.00;0.00;0.00
DAT;DELL-5010961826;DELL-E1715S 17" TFT LED BLACK;0;0;;2;0.00;0.00;0.00;0.00;0.00;0.00;0.00;0.00
DAT;DELL-KIT875;DELL HOTSWAP TRAY;4;545;M12;2;0.00;0.00;0.00;0.00;545.00;0.00;0.00;0.00
DAT;DELL-R340SSD;DELL PER340 SSD SERVER;6;24231;;2;0.00;0.00;0.00;0.00;24231.00;0.00;0.00;0.00
DAT;DELL-T340SSD;DELL T340 SSD SERVER;3;23414;;2;0.00;0.00;0.00;0.00;23414.00;0.00;0.00;0.00
DAT;DP-HDMI;DISPLAYPORT TO HDMI ADAPTER;2;0;;2;0.00;0.00;0.00;0.00;0.00;0.00;0.00;0.00
DAT;DU-5010661893;VERTICAL RACK 2U;1;1195;;2;0.00;0.00;0.00;0.00;0.00;0.00;0.00;0.00
MENY;DU-5010664094;VÄGGSKENA MENYTAVLOR;2;2036;L13;2;0.00;0.00;0.00;0.00;1964.00;0.00;0.00;0.00
DAT;DU-5010888114;DVI SPLIT  30CM;10;375;;2;0.00;0.00;0.00;0.00;375.00;0.00;0.00;0.00
DAT;DU-5010970618;DIREKTRONIK RACKSTUDS;0;0;;1;0.00;0.00;0.00;0.00;0.00;0.00;0.00;0.00
DAT;EE-C060BL;TÄKFÄSTE LCD NEWSTAR;4;1199;M31;2;0.00;0.00;0.00;0.00;1090.00;0.00;0.00;0.00
DAT;EH-SRVKON;VÄGGKONSOL;0;50;;1;0.00;0.00;0.00;0.00;0.00;0.00;0.00;0.00
DAT;EH-TPSPLIT;SPLITTER NÄTVERK;11;250;;2;0.00;0.00;0.00;0.00;0.00;0.00;0.00;0.00
AAP;EK-107286;PRINTERHYLLA, SATO;29;825;M32;2;0.00;0.00;0.00;0.00;796.00;0.00;0.00;0.00
AAP;EK-130202;DUBBELT SKÄRMFÄSTE MED 2 VXL;0;1448;;1;0.00;0.00;0.00;0.00;1450.00;0.00;0.00;0.00
DAT;EK-140107;VÄGGFÄSTE 4-LEDAT;29;519;M32;2;0.00;0.00;0.00;0.00;500.00;0.00;0.00;0.00
AAP;EK-140820;BRACKET SOTEC BUMPBAR;15;571;N52;2;0.00;0.00;0.00;0.00;551.00;0.00;0.00;0.00
DAT;EK-141110;KOMPLETT TAKFÄSTE HKI;0;1027;;3;0.00;0.00;0.00;0.00;991.00;0.00;0.00;0.00
HME;EK-151021;SPEAKERBOX SUBWAY;0;0;;1;0.00;0.00;7000.00;0.00;0.00;0.00;0.00;0.00
NET;EK-170227S;KABELKANAL SVART;0;0;;1;0.00;0.00;0.00;0.00;0.00;0.00;0.00;0.00
NET;EK-170227V;KABELKANAL VIT;0;0;;1;0.00;0.00;0.00;0.00;0.00;0.00;0.00;0.00
DAT;EK-171006;APPARATKABEL SPLIT;112;350;N24;2;0.00;0.00;0.00;0.00;271.00;0.00;0.00;0.00
DAT;EK-190516;KABELSAMLARE SVART;0;0;;1;0.00;0.00;0.00;0.00;207.00;0.00;0.00;0.00
DAT;EK-200115;SKYDD PRESENTERSKÄRM;10;290;;2;0.00;0.00;0.00;0.00;289.00;0.00;0.00;0.00
HME;EK-200406;MONTERINGSKIT SPEAKERBOX;8;2275;M11;2;0.00;0.00;0.00;0.00;0.00;0.00;0.00;0.00
HME;EK-201005;FOAM SPEAKERBOX;-27;0;;1;0.00;0.00;0.00;0.00;0.00;0.00;0.00;0.00
MENY;EK-AL40;ALUMINIUMLIST 40MM;0;295;;1;0.00;0.00;0.00;0.00;0.00;0.00;0.00;0.00
ÖVR;EK-ELEKTRONIK;ÅTERVINNING ELEKTRONIKSKROT;0;300;;1;0.00;0.00;0.00;0.00;0.00;0.00;0.00;0.00
PAN;EL-37-784-20;GRILLSUMMER;0;182;;1;0.00;0.00;0.00;0.00;176.00;0.00;0.00;0.00
DAT;EL-6980635;BATTERIELIMINATOR T/A;0;202;;1;0.00;0.00;0.00;0.00;195.00;0.00;0.00;0.00
ÖVR;ELARBETE;UTFÖRT ELARBETE;0;0;;1;0.00;0.00;0.00;0.00;0.00;0.00;0.00;0.00
DAT;ELFÖRGRENING;ELFÖRGRENING;27;104;N41;2;0.00;0.00;0.00;0.00;101.00;0.00;0.00;0.00
DAT;ELO-E107766;ELO 2201L 22" TOUCH-N;0;7495;;2;0.00;0.00;0.00;0.00;7495.00;0.00;0.00;0.00
DAT;ELO-E351600;ELO 2202L 22" TOUCH NY;0;7095;;2;0.00;0.00;0.00;0.00;7521.00;0.00;0.00;0.00
DAT;ELO-E497002;ELO 2201L 22" TOUCH;0;7495;M11;2;0.00;0.00;0.00;0.00;7495.00;0.00;0.00;0.00
DAT;ELO-E534869;ELO 1509L  15" TOUCH;0;4795;;2;0.00;0.00;0.00;0.00;4795.00;0.00;0.00;0.00
DAT;ELO-E571601;ELO POWER SUPPLY 12V;5;555;M41;2;0.00;0.00;0.00;0.00;0.00;0.00;0.00;0.00
AAP;ELO-ET1002L;MINI-ORB 10,4 TOUCH;0;4595;L11;2;0.00;0.00;0.00;0.00;4440.00;0.00;0.00;0.00
EMB;EM-JS950;KARTONG+CELLPLASTINREDE JS950;0;475;;1;0.00;0.00;0.00;0.00;0.00;0.00;0.00;0.00
EMB;EM-JS950CP;CELLPLASTINREDE JS950;0;345;;1;0.00;0.00;0.00;0.00;0.00;0.00;0.00;0.00
EMB;EM-JS950K;KARTONG JS950;0;145;;1;0.00;0.00;0.00;0.00;0.00;0.00;0.00;0.00
EMB;EM-JS960;KARTONG+CELLPLASTINREDE JS960;0;475;;1;0.00;0.00;0.00;0.00;0.00;0.00;0.00;0.00
EMB;EM-JS960CP;CELLPLASTINREDE JS960;0;370;;1;0.00;0.00;0.00;0.00;0.00;0.00;0.00;0.00
EMB;EM-JS960K;KARTONG JS960;0;120;;1;0.00;0.00;0.00;0.00;0.00;0.00;0.00;0.00
EMB;EM-JS970;KARTONG+CELLPLASTINREDE JS970;0;475;;1;0.00;0.00;0.00;0.00;0.00;0.00;0.00;0.00
EMB;EM-JS970CP;CELLPLASTINREDE JS970;0;345;;1;0.00;0.00;0.00;0.00;0.00;0.00;0.00;0.00
EMB;EM-JS970K;KARTONG JS970;0;145;;1;0.00;0.00;0.00;0.00;0.00;0.00;0.00;0.00
EMB;EM-MENYTAVLA;EMBALLAGE MENYTAVLA;0;330;;1;0.00;0.00;0.00;0.00;318.00;0.00;0.00;0.00
EPS;EPS-1424995;COVER ROLL PAPER TM-T70;6;33;C72;2;0.00;0.00;0.00;0.00;0.00;0.00;0.00;0.00
EPS;EPS-1424997;LEVER COVER OPEN TM-T70;5;12;C72;2;0.00;0.00;0.00;0.00;0.00;0.00;0.00;0.00
EPS;EPS-2108353;CUTTER SUB UNIT TM-T70;3;728;C72;2;0.00;0.00;0.00;0.00;0.00;0.00;0.00;0.00
ÖVR;EXTERNT ARBETE;EXTERNT ARBETE;0;0;;1;0.00;0.00;0.00;0.00;0.00;0.00;0.00;0.00
ADM;FAKT;FAKTURERINGSAVGIFT;0;75;;1;0.00;0.00;0.00;0.00;0.00;0.00;0.00;0.00
HME;FG-2310360005;SPEAKERBOX FORMAGRAM;0;0;;2;0.00;0.00;0.00;0.00;0.00;0.00;0.00;0.00
RESA;FLYG;KOSTNAD FLYGRESA;0;0;;1;0.00;0.00;0.00;0.00;0.00;0.00;0.00;0.00
FRA;FP-SERVICE;FÖRETAGSPAKET;0;114;;1;0.00;0.00;0.00;0.00;0.00;0.00;0.00;0.00
FRA;FRAKT;FRAKT;0;0;;1;0.00;0.00;0.00;0.00;0.00;0.00;0.00;0.00
AAP;FÄSTE-MFY SC;FÄSTE MFY SCANNER;20;415;N52;2;0.00;0.00;0.00;0.00;401.00;0.00;0.00;0.00
AAP;HKI-808662;PRINTERHYLLA HKI;0;1806;M32;1;0.00;0.00;0.00;0.00;1742.00;0.00;0.00;0.00
HMX;HM-115G244-1;CABLE VDB to TSP;0;0;;2;0.00;0.00;0.00;0.00;0.00;0.00;0.00;0.00
HMX;HM-333010-1;UNDERGROUND LOOP;0;0;;2;0.00;0.00;0.00;0.00;0.00;0.00;0.00;0.00
HMX;HM-371129;"ORDER HERE" SIGN FOR SPP2;0;0;;2;0.00;0.00;0.00;0.00;0.00;0.00;0.00;0.00
HMX;HM-C10973-NE;SPEAKER POST SPP2;0;0;;2;0.00;0.00;0.00;0.00;0.00;0.00;0.00;0.00
HMX;HM-C10975-E;SPEAKERPOST LIGHTN KIT;0;650;;2;0.00;0.00;0.00;0.00;0.00;0.00;0.00;0.00
HMX;HM-C11193;EARMUFF, pack of 12;0;0;;2;0.00;0.00;0.00;0.00;0.00;0.00;0.00;0.00
HMX;HM-C11430;Earmates Disposable HS Cover;0;0;;1;0.00;0.00;0.00;0.00;0.00;0.00;0.00;0.00
HMX;HM-C12061-U-CU40-;Upgrade CU40 to CU50;0;0;;2;0.00;0.00;0.00;0.00;0.00;0.00;0.00;0.00
HMX;HM-C3-HS6300-CHGR;HS6300 CHROME HS+AC50+2 batt;0;0;;2;0.00;0.00;0.00;0.00;0.00;0.00;0.00;0.00
HMX;HM-C4000-4-HS3-D-;EOS HD Dual Lane System w 4 HS;0;0;;2;0.00;0.00;0.00;0.00;0.00;0.00;0.00;0.00
HMX;HM-C4000-5-HSE-D-;System EOS I HD 5 AIO DL 6200;0;0;;2;0.00;0.00;0.00;0.00;0.00;0.00;0.00;0.00
HMX;HM-C40000-3-HS3-E;System EOS I HD 3 AIO SL 6200;0;0;;2;0.00;0.00;0.00;0.00;0.00;0.00;0.00;0.00
HMX;HM-C40000-4-HS3-E;System EOS l HD 4 AIO HS6200;0;0;;2;0.00;0.00;0.00;0.00;0.00;0.00;0.00;0.00
HMX;HM-C40000-6-HS3-D;System EOS I HD 6 AIO DL HS620;0;0;;2;0.00;0.00;0.00;0.00;0.00;0.00;0.00;0.00
HMX;HM-C40000-6-HS3-E;System EOS I HD 6 AIO HS6200;0;0;;2;0.00;0.00;0.00;0.00;0.00;0.00;0.00;0.00
HMX;HM-C40000-8-HS3-D;System EOS I HD 8 AIO DL 6200;0;0;;2;0.00;0.00;0.00;0.00;0.00;0.00;0.00;0.00
HME;HM-DTOSKS;FAST PRIS KONTORSSKÄRM;0;5000;;1;0.00;0.00;0.00;0.00;0.00;0.00;0.00;0.00
HME;HM-DTOSLA;LEADERBOARD ACTIVATION;0;3000;;1;0.00;0.00;0.00;0.00;0.00;0.00;0.00;0.00
HME;HM-DTOSLS;LEADERBOARD SUBSCRIPTION;0;2000;;1;0.00;0.00;0.00;0.00;0.00;0.00;0.00;0.00
HME;HM-DTOSRK;FAST PRIS RESA;0;5000;;1;0.00;0.00;0.00;0.00;0.00;0.00;0.00;0.00
HME;HM-DTOSSY1;FAST PRIS DT DASHBOARD;0;29900;;1;0.00;0.00;0.00;0.00;0.00;0.00;0.00;0.00
HME;HM-DTOSSY2;FAST PRIS DT DASHBOARD;0;34900;;1;0.00;0.00;0.00;0.00;0.00;0.00;0.00;0.00
HMX;HM-K18650;MOUNTING KIT, SPP2;0;0;;2;0.00;0.00;0.00;0.00;0.00;0.00;0.00;0.00
HMX;HM-K99770;LEADERBOARD Activation Fee;0;0;;2;0.00;0.00;0.00;0.00;0.00;0.00;0.00;0.00
HMX;HM-P201;CU40 Trade in Value;0;0;;1;0.00;0.00;0.00;0.00;0.00;0.00;0.00;0.00
HME;HME-101G048;Antenna 2.4 GHZ BS 6000-6200;4;335;C22;2;0.00;0.00;0.00;0.00;0.00;0.00;0.00;0.00
HME;HME-104034;BATTERY HME6000 AC40;14;510;C23;2;360.00;430.00;460.00;0.00;0.00;0.00;0.00;0.00
HME;HME-104G044;BATTERY LI-ION AC50 720 MAH;163;390;C23;2;360.00;430.00;490.00;0.00;0.00;0.00;0.00;0.00
HME;HME-115G413;CABLE ASSY;0;30;SNURRA;1;15.00;0.00;0.00;0.00;0.00;0.00;0.00;0.00
HME;HME-121066;VÄGGHÅLLARE HEADSET;0;395;C22;1;0.00;0.00;0.00;0.00;0.00;0.00;0.00;0.00
HME;HME-172G732;COVER BAND;358;15;SNURRA;1;15.00;0.00;0.00;0.00;0.00;0.00;0.00;0.00
HME;HME-172G735;STOP BAND;562;12;SNURRA;1;12.00;0.00;0.00;0.00;0.00;0.00;0.00;0.00
HME;HME-172G844;BATTERY BUTTON 6100;0;10;SNURRA;1;0.00;0.00;0.00;0.00;0.00;0.00;0.00;0.00
HME;HME-172G847;EARPAD HOLDER 6100;0;16;SNURRA;1;7.00;0.00;0.00;0.00;0.00;0.00;0.00;0.00
HME;HME-172G849;COVER HS6100 SIDE PAD;562;16;SNURRA;1;16.00;0.00;0.00;0.00;0.00;0.00;0.00;0.00
HME;HME-172G850;HOLDER HS6100 SIDE PAD;0;12;SNURRA;1;0.00;0.00;0.00;0.00;0.00;0.00;0.00;0.00
HME;HME-172G871;BOOM BASE UPPER HOUSING 6100;-24;15;SNURRA;1;0.00;0.00;0.00;0.00;0.00;0.00;0.00;0.00
HME;HME-172G887;CHASSIS HS6200;0;10;SNURRA;1;10.00;0.00;0.00;0.00;0.00;0.00;0.00;0.00
HME;HME-172G900;SUPPORT SIDE 6200;562;22;SNURRA;1;13.00;0.00;0.00;0.00;0.00;0.00;0.00;0.00
HME;HME-172G901;COVER FRONT HS6200;516;56;SNURRA;1;0.00;0.00;0.00;0.00;0.00;0.00;0.00;0.00
HME;HME-172G902;SPEAKER SIDE HOUSING 6200;605;31;SNURRA;1;0.00;0.00;0.00;0.00;0.00;0.00;0.00;0.00
HME;HME-172G904;HOUSING HS6200 LED MIC;-2;10;;1;10.00;0.00;0.00;0.00;0.00;0.00;0.00;0.00
HME;HME-172G905;HOUSING, HS6200 FRONT MIC;-2;12;;1;8.00;0.00;0.00;0.00;0.00;0.00;0.00;0.00
HME;HME-172G906;SPEAKER CLIP;605;6;SNURRA;1;4.00;0.00;0.00;0.00;0.00;0.00;0.00;0.00
HME;HME-172G937;BATTERY LATCH;0;12;;1;7.00;0.00;0.00;0.00;0.00;0.00;0.00;0.00
HME;HME-172G938;BOOM BASE HOLDER 6200;-24;12;SNURRA;1;0.00;0.00;0.00;0.00;0.00;0.00;0.00;0.00
HME;HME-172G939;LWR BOOM BASE HS6200 HSG;-24;12;SNURRA;1;0.00;0.00;0.00;0.00;0.00;0.00;0.00;0.00
HME;HME-172G940;UPPR BOOM BASE HS6200 HSG;0;11;SNURRA;1;0.00;0.00;0.00;0.00;0.00;0.00;0.00;0.00
HME;HME-172G996;HEADBAND HS6200;28;100;H;2;89.00;0.00;0.00;0.00;0.00;0.00;0.00;0.00
HME;HME-202G156;FOAM ACOUSTIC;38;219;C31;2;182.00;221.00;228.00;0.00;0.00;0.00;0.00;0.00
HME;HME-202G161;PCB CUSHION 6100;0;35;SNURRA;1;30.00;0.00;0.00;0.00;0.00;0.00;0.00;0.00
HME;HME-202G162;FELT CUSHION HS6100;778;20;SNURRA;1;0.00;0.00;0.00;0.00;0.00;0.00;0.00;0.00
HME;HME-306G099;WINDSCREEN;-77;6;SNURRA;1;3.00;3.00;0.00;0.00;0.00;0.00;0.00;0.00
HME;HME-306G123;EARPAD, HEADSET;901;15;H;2;11.00;15.00;14.00;0.00;0.00;0.00;0.00;0.00
HME;HME-335G024;BATTERY INSULATOR 6100;0;3;SNURRA;1;0.00;0.00;0.00;0.00;0.00;0.00;0.00;0.00
HME;HME-335G025;INSULATOR SPKR HS6100;605;5;SNURRA;1;0.00;0.00;0.00;0.00;0.00;0.00;0.00;0.00
HME;HME-369G061;KEY, HS6100 POWER;711;12;SNURRA;1;8.00;12.00;10.00;0.00;0.00;0.00;0.00;0.00
HME;HME-375G006;LABEL, HS16 HME LOGO DOMD;562;11;SNURRA;1;11.00;0.00;0.00;0.00;0.00;0.00;0.00;0.00
HME;HME-393G084;RED/GREEN LED;0;12;SNURRA;1;0.00;0.00;0.00;0.00;0.00;0.00;0.00;0.00
HME;HME-407G096;MICROPHONE HS6200;15;121;SNURRA;2;100.00;121.00;125.00;0.00;0.00;0.00;0.00;0.00
HME;HME-416G047-LS;GASKET, HS6100 MIC;-75;10;SNURRA;1;0.00;0.00;0.00;0.00;0.00;0.00;0.00;0.00
HME;HME-416G048;SPEAKER GASKET HS6100;607;20;SNURRA;1;0.00;0.00;0.00;0.00;0.00;0.00;0.00;0.00
HME;HME-453G014-1;POWER SUPPLY  AC50;3;514;C24;2;440.00;560.00;580.00;0.00;0.00;0.00;0.00;0.00
HME;HME-453G018-1;POWER SUPPLY 24VDC (BS);11;751;C22;2;713.00;710.00;730.00;0.00;0.00;0.00;0.00;0.00
HME;HME-606G004;SCREW 6100;-77;3;;1;0.00;0.00;0.00;0.00;0.00;0.00;0.00;0.00
HME;HME-606G018;SCREW 6100;562;5;SNURRA;1;3.00;0.00;0.00;0.00;0.00;0.00;0.00;0.00
HME;HME-636G010;SCREW 6100;-24;3;SNURRA;1;0.00;0.00;0.00;0.00;0.00;0.00;0.00;0.00
HME;HME-636G018;SCREW;0;6;;1;0.00;0.00;0.00;0.00;0.00;0.00;0.00;0.00
HME;HME-648G028;SPRING COMP;0;5;SNURRA;1;0.00;0.00;0.00;0.00;0.00;0.00;0.00;0.00
HME;HME-650G049;SPEAKER WIRES;340;35;;1;23.00;0.00;0.00;0.00;0.00;0.00;0.00;0.00
HME;HME-672G076;BOARD POWER BUTTON;0;8;SNURRA;1;0.00;0.00;0.00;0.00;0.00;0.00;0.00;0.00
HME;HME-800G054-VMI;WASHER NYLON 406X62X012;0;5;;1;0.00;0.00;0.00;0.00;0.00;0.00;0.00;0.00
HME;HME-800G056;NYLON WASHER;-24;5;SNURRA;1;0.00;0.00;0.00;0.00;0.00;0.00;0.00;0.00
HME;HME-802G007;WASHER, SPLIT LOCK#2 SST;562;5;SNURRA;1;2.00;0.00;0.00;0.00;0.00;0.00;0.00;0.00
HME;HME-807G005-VMI;WAVE WASHER;-24;5;SNURRA;1;0.00;0.00;0.00;0.00;0.00;0.00;0.00;0.00
HME;HME-855G001-1;CABLE HME6000;0;1048;C31;2;897.00;1136.00;1172.00;0.00;0.00;0.00;0.00;0.00
KON;HME-AVTAL;SERVICEAVTAL HME HEADSETSYSTEM;0;200;;1;0.00;200.00;200.00;0.00;0.00;0.00;0.00;0.00
HME;HME-C10678;VEH.DETECTOR BOARD, VDB102;77;1350;C33;2;1180.00;1460.00;1580.00;0.00;0.00;0.00;0.00;0.00
HME;HME-C12061-00;TIMERSYSTEM SYS50 DTS;0;22150;C9X;2;16528.00;22150.00;22150.00;0.00;0.00;0.00;0.00;0.00
HME;HME-C30000-CHGR-I;CHARGER AC50;12;3350;C24;2;2920.00;3630.00;3910.00;0.00;0.00;0.00;0.00;0.00
HMX;HME-C30000-HS+CHG;KIT 1 HS6300 + AC50 + 2 BAT;0;0;;3;0.00;0.00;0.00;0.00;0.00;0.00;0.00;0.00
HME;HME-C30000-HS6300;HEADSET AIO HS6300 w/battery;46;6840;C11;2;5980.00;7420.00;8010.00;0.00;0.00;0.00;0.00;0.00
HME;HME-C4-1-HS1-I;HME system HD l EOS w 1 AIO;-1;27210;;3;25231.00;31400.00;33820.00;0.00;0.00;0.00;0.00;0.00
HME;HME-C4-2-HS2-I;HME system HD l EOS w 2 AIO;-1;32310;C4X;3;29958.00;37280.00;40170.00;0.00;0.00;0.00;0.00;0.00
HME;HME-C4-3-HS3-I;HME system HD l EOS w 3 AIO;0;35140;C4X;3;32590.00;40550.00;43680.00;0.00;0.00;0.00;0.00;0.00
HME;HME-C4-4-HS3-D-I;HME-system HD l EOS DL w 4 AIO;0;56700;;3;54810.00;68070.00;70260.00;0.00;0.00;0.00;0.00;0.00
HME;HME-C4-4-HS3-I;HME system HD l EOS w 4 AIO;0;41460;C4X;3;36629.00;47600.00;51370.00;0.00;0.00;0.00;0.00;0.00
HME;HME-C4-5-HS3-D-I;HME-system HD l EOS DL w 5 AIO;0;63030;;3;58280.00;75670.00;78110.00;0.00;0.00;0.00;0.00;0.00
HME;HME-C4-5-HS3-I;HME system HD l EOS w 5 AIO;0;47560;C4X;3;42260.00;54600.00;58930.00;0.00;0.00;0.00;0.00;0.00
HME;HME-C4-6-HS3-D-I;HME-system HD l EOS DL w 6 AIO;0;69370;;3;64140.00;0.00;0.00;0.00;0.00;0.00;0.00;0.00
HME;HME-C4-6-HS3-I;HME system HDI EOS w 6 AIO;-1;53930;C4X;3;48159.00;64740.00;66830.00;0.00;0.00;0.00;0.00;0.00
HME;HME-C4-7-HS3-D-I;HME-system HD l EOS DL w 7AIO;0;75710;;3;73180.00;90880.00;93820.00;0.00;0.00;0.00;0.00;0.00
HME;HME-C4-8-HS3-D-I;HME-system HD l EOS DL w 8AIO;0;82040;C4X;3;75850.00;98490.00;101670.00;0.00;0.00;0.00;0.00;0.00
HME;HME-C4-9-HS3-D-I;HME-system HD l EOS DL w 9AIO;0;0;;3;0.00;0.00;0.00;0.00;0.00;0.00;0.00;0.00
HME;HME-C40000-HS3;HEADSET AIO HS6200 w/battery;9;6840;C11+C15;2;5980.00;7420.00;8010.00;0.00;0.00;0.00;0.00;0.00
HME;HME-C40000-U-D-I;HME DUAL LANE UPGR EOS/HD;0;30430;;3;26560.00;34490.00;35600.00;0.00;0.00;0.00;0.00;0.00
HME;HME-C40000-U-I;HME SINGLE LANE UPGRADE;0;25360;;3;22140.00;0.00;0.00;0.00;0.00;0.00;0.00;0.00
HME;HME-DOOR;MAGNETISK DÖRR SENSOR;7;350;C22;2;0.00;0.00;0.00;0.00;0.00;0.00;0.00;0.00
HME;HME-G13666-1;SPEAKER  SP2500LP;2;1210;C13;2;1060.00;1310.00;1410.00;0.00;0.00;0.00;0.00;0.00
HME;HME-G25153;CHARGER AC40 inkl PSU;2;3400;C24;2;2970.00;3840.00;3960.00;0.00;0.00;0.00;0.00;0.00
HME;HME-G27942-1;SPEAKER SP10;12;1420;C13;2;1250.00;1540.00;1660.00;0.00;0.00;0.00;0.00;0.00
HME;HME-G28291-1;MICROPHONE DM4;2;1600;C33;2;1410.00;1740.00;1880.00;0.00;0.00;0.00;0.00;0.00
HME;HME-G28459-5RZ;USB ZOOM CU40 C91;1;1510;C83;2;0.00;0.00;0.00;0.00;0.00;0.00;0.00;0.00
HME;HME-G28561-4;COVER2, HS6100;57;355;H;2;252.00;0.00;0.00;0.00;0.00;0.00;0.00;0.00
HME;HME-G28561-5;COVER2, HS6200;22;265;H;2;237.00;0.00;0.00;0.00;0.00;0.00;0.00;0.00
HME;HME-G28561-6;COVER2, HS6300;22;267;H;2;252.00;0.00;0.00;0.00;0.00;0.00;0.00;0.00
HME;HME-G29124-5CFA12;BASESTATION SL EOS 6200;1;26970;C42;2;23550.00;0.00;0.00;0.00;0.00;0.00;0.00;0.00
HME;HME-G29124-6CFA12;BASESTATION DL EOS 6200;3;32370;C43;2;28260.00;0.00;0.00;0.00;0.00;0.00;0.00;0.00
HME;HME-G29203-5MA;HHD CU40 C96;2;2470;C83;2;0.00;0.00;0.00;0.00;0.00;0.00;0.00;0.00
HME;HME-G29427-1;FULL MIC BOOM ASS 61/62/63;62;314;H;2;294.00;367.00;367.00;0.00;0.00;0.00;0.00;0.00
HME;HME-G29652-1;MICROPHONE DM5;14;1600;C13;2;1410.00;1740.00;1880.00;0.00;0.00;0.00;0.00;0.00
HME;HME-G29708-3Z1;TSP;3;0;;2;0.00;0.00;0.00;0.00;0.00;0.00;0.00;0.00
HME;HME-G29797-1TA2;CNTLR, CU50;3;0;;2;0.00;0.00;0.00;0.00;0.00;0.00;0.00;0.00
HME;HME-HS6300-KIT;KIT 2 HS6300, 1 AC50 + 2 BATT;0;15500;;3;13860.00;16900.00;17760.00;0.00;0.00;0.00;0.00;0.00
HME;HME-IB;DELAY INTERFACE CARD;11;1270;C33;2;0.00;1380.00;1420.00;0.00;0.00;0.00;0.00;0.00
HME;HME-INST;INSTALLATION HME fast pris;-1;0;;1;0.00;3000.00;0.00;0.00;0.00;0.00;0.00;0.00
HME;HME-RABATT;RABATT;0;1200;;1;0.00;0.00;0.00;0.00;0.00;0.00;0.00;0.00
HME;HME-REP;REPARATION HME;0;2750;;1;0.00;0.00;0.00;0.00;0.00;0.00;0.00;0.00
HME;HME-REP AIO;REPARATIONSKIT HS61/62/6300;0;220;;3;154.00;170.00;170.00;0.00;0.00;0.00;0.00;0.00
HME;HME-REP EKAB AS;REPARATION HME S/N;0;0;;1;0.00;0.00;0.00;0.00;0.00;0.00;0.00;0.00
HME;HME-REP EKAB OY;REPARATION HME AO:;0;0;;1;0.00;0.00;0.00;0.00;0.00;0.00;0.00;0.00
HME;HME-REP FULL MIC;REPARATIONSKIT HS FULL MIC;0;373;;3;302.00;373.00;373.00;0.00;0.00;0.00;0.00;0.00
HME;HME-REP HBS6100;REP-KIT  BUTTONSIDE 6100;0;462;;3;380.00;462.00;462.00;0.00;0.00;0.00;0.00;0.00
HME;HME-REP HBS6200;REP-KIT BUTTONSIDE 6200;0;374;;3;380.00;305.00;305.00;0.00;0.00;0.00;0.00;0.00
HME;HME-REP HBS6300;REP-KIT BUTTONSIDE 6300;0;374;;3;380.00;318.00;318.00;0.00;0.00;0.00;0.00;0.00
HME;HME-REP HSMIC;REPARATIONSKIT HS-MIC;0;93;;3;62.00;93.00;93.00;0.00;0.00;0.00;0.00;0.00
HME;HME-REP HSSP;REPARATIONSKIT HS SPEAKER;0;180;;3;126.00;180.00;180.00;0.00;0.00;0.00;0.00;0.00
HME;HME-TSP-PSU;EXTERNAL PSU  TSP;0;350;;1;0.00;0.00;0.00;0.00;0.00;0.00;0.00;0.00
HME;HME-UDF;DETECTOR;3;3140;C32;2;2750.00;3410.00;3520.00;0.00;0.00;0.00;0.00;0.00
HME;HME-UDS;DETECTOR UD SURFACE;8;3490;C32;2;3050.00;3780.00;3900.00;0.00;0.00;0.00;0.00;0.00
HME;HME-ÖVRIGT;ÖVRIGT HME;0;0;;1;0.00;0.00;0.00;0.00;0.00;0.00;0.00;0.00
RESA;HOTELL;HOTELLKOSTNAD;0;0;;1;0.00;0.00;0.00;0.00;0.00;0.00;0.00;0.00
AAP;HP-T630;HP T630 THIN CLIENT;11;5090;;2;0.00;0.00;0.00;0.00;5090.00;0.00;0.00;0.00
AAP;HP-T630-BRACKET;HP T630 BRACKET;0;0;;2;0.00;0.00;0.00;0.00;0.00;0.00;0.00;0.00
DAT;HP-T630-PSU;HP STRÖMADAPTER 65W;1;595;;2;0.00;0.00;0.00;0.00;0.00;0.00;0.00;0.00
AAP;HW-HANT;HANTERINGSKOSTNAD WN HW;0;0;;1;0.00;0.00;0.00;0.00;1272.00;0.00;0.00;0.00
AAP;JA-SYDS457SR;ZEBRA DS457-SR;1;3195;N52;2;0.00;0.00;0.00;0.00;0.00;0.00;0.00;0.00
NET;KC-51340;FÖRLÄNGNINGSKABEL DC 3M;0;96;;1;0.00;0.00;0.00;0.00;96.00;0.00;0.00;0.00
AAP;KIOSK-HANT;HANTERINGSKOSTNAD KIOSK PALL;0;0;;1;0.00;0.00;0.00;0.00;424.00;0.00;0.00;0.00
EPS;KLISTERRULLE;KVITTORULLAR KLISTER 32 rullar;1;2250;PALL;2;0.00;0.00;0.00;0.00;2250.00;0.00;0.00;0.00
DAT;KVM-PS;POWERSUPPLY KVM/VE;0;233;A13;1;0.00;0.00;0.00;0.00;225.00;0.00;0.00;0.00
DAT;LAPTOP;LAPTOP;0;5500;X;2;0.00;0.00;0.00;0.00;0.00;0.00;0.00;0.00
ARB;LI-FAST;FAST PRIS INSTALLATION QUAIL;0;7950;;1;0.00;0.00;0.00;0.00;0.00;0.00;0.00;7950.00
DAT;LIST;KABELLIST;0;186;;1;0.00;0.00;0.00;0.00;186.00;0.00;0.00;175.00
HME;LOOP;LOOP MED PLASTSKYDD;0;1180;M31;2;1030.00;1280.00;1320.00;0.00;0.00;0.00;0.00;0.00
AAP;LR-P35225;BRACKETS CISCO;0;317;N52;1;0.00;0.00;0.00;0.00;305.00;0.00;0.00;0.00
AAP;MAGNET;MAGNET NEODYM;64;120;N53;2;0.00;0.00;0.00;0.00;116.00;0.00;0.00;0.00
ADM;MANFEE FI;MANAGEMENT FEE + ADMINIST;0;14941;;1;0.00;0.00;0.00;0.00;0.00;0.00;0.00;0.00
;MANFEE KM;MANAGEMENT FEE+ADMINISTRATION;0;3537;;1;0.00;0.00;0.00;0.00;0.00;0.00;0.00;0.00
ADM;MANFEE NO;MANAGEMENT FEE + ADMINIST;0;21874;;1;0.00;0.00;0.00;0.00;0.00;0.00;0.00;0.00
KON;MCD-BO W7;UPPGRADERING AV BO TILL W7;0;854;;1;0.00;0.00;0.00;0.00;0.00;0.00;0.00;0.00
KON;MCD-L3-AT1;L3 SUPPORT McDONALD`S 06-17;0;880;;1;0.00;0.00;0.00;0.00;0.00;0.00;0.00;0.00
KON;MCD-L3-AT2;L3 SUPPORT McDONALD`S  17-22;0;1348;;1;0.00;0.00;0.00;0.00;0.00;0.00;0.00;0.00
KON;MCD-L3-AT3;L3 SUPPORT McDONALD`S  22-06;0;1692;;1;0.00;0.00;0.00;0.00;0.00;0.00;0.00;0.00
ÖVR;MCD-ÖVRIGT;ÖVRIG FÖRSÄLJNING-SERVICE;0;0;;1;0.00;0.00;0.00;0.00;0.00;0.00;0.00;0.00
DAT;MONITOR;MONITOR;0;0;X;2;0.00;0.00;0.00;0.00;0.00;0.00;0.00;0.00
DAT;MS-OFFICE;LICENS MICROSOFT OFFICE 2016;0;1500;X;2;0.00;0.00;0.00;0.00;0.00;0.00;0.00;0.00
AAP;NCR-MD100;NCR ZERO CLIENT MD100;72;1500;;2;0.00;0.00;0.00;0.00;1500.00;0.00;0.00;0.00
AAP;NCR-PSU;ZERO CLIENT POWER SUPPLY;3;0;M41;2;0.00;0.00;0.00;0.00;0.00;0.00;0.00;0.00
ARB;ONSITE-1;ONSITE ARBETE M-F 06-17;0;1800;;1;0.00;0.00;0.00;0.00;0.00;0.00;0.00;0.00
AAP;ORB-HANT;HANTERINGSKOSTNAD ORB;0;0;;1;0.00;0.00;0.00;0.00;482.00;0.00;0.00;0.00
FRA;P-1600-1;POSTEN 16.00 1- 10 KG;0;145;;1;0.00;0.00;0.00;0.00;143.00;0.00;0.00;0.00
FRA;P-1600-2;POSTEN 16.00  11-20 KG;-4;185;;1;0.00;0.00;0.00;0.00;191.00;0.00;0.00;0.00
FRA;P-1600-3;POSTEN 16.00  21-35 KG;0;240;;1;0.00;0.00;0.00;0.00;249.00;0.00;0.00;0.00
FRA;P-DELL;POSTEN FRAKT DATOR;0;360;;1;0.00;0.00;0.00;0.00;0.00;0.00;0.00;0.00
FRA;P-HALVPALL;POSTEN HALVPALL;0;1700;;1;0.00;0.00;0.00;0.00;0.00;0.00;0.00;0.00
FRA;P-KASSA;POSTEN FRAKT KASSA;0;240;;1;0.00;0.00;0.00;0.00;0.00;0.00;0.00;0.00
FRA;P-PALL;PALL SCANLINK;0;3000;;1;0.00;0.00;0.00;0.00;1696.00;0.00;0.00;0.00
FRA;P-SERVER;FRAKT SERVER POSTNORD;-4;390;;1;0.00;0.00;0.00;0.00;0.00;0.00;0.00;0.00
970;PAN-1037ZAJ1;CABLE w/PLUG 970;6;495;C63;2;0.00;0.00;0.00;0.00;0.00;0.00;0.00;0.00
970;PAN-1038ZAJ1;CABLE w/PLUG 970;4;195;C63;2;0.00;0.00;0.00;0.00;0.00;0.00;0.00;0.00
970;PAN-3CE001776DAE;DISPLAY CASE FRONT (New);0;239;C74;1;0.00;0.00;0.00;0.00;0.00;0.00;0.00;0.00
960;PAN-3DA002421CAA;POPHOLDER JS960;10;55;C65;2;0.00;0.00;0.00;0.00;0.00;0.00;0.00;0.00
PAN;PAN-73041003C;CASH DRAWER INSERT;11;690;PALL;2;0.00;0.00;0.00;0.00;690.00;0.00;0.00;0.00
970;PAN-970KDV010;ADAPTERKABEL VGA;0;270;PALL A;2;0.00;0.00;0.00;0.00;0.00;0.00;0.00;0.00
970;PAN-970KMC010;ADAPTERKABEL DRAWER;0;140;PALL A;2;0.00;0.00;0.00;0.00;0.00;0.00;0.00;0.00
970;PAN-DHWU1002ZAJ1;K95 LCD BOARD ASSY JS970;0;0;;2;0.00;0.00;0.00;0.00;0.00;0.00;0.00;0.00
HOT;PAN-FZ-VZSU84U;BATTERI TOUGHPAD;0;1479;O64;2;0.00;0.00;0.00;0.00;1163.00;0.00;0.00;0.00
970;PAN-JS-970KM9010;PANASONIC RS232 - ADAPTER;0;190;;1;0.00;0.00;0.00;0.00;0.00;0.00;0.00;0.00
970;PAN-JS-970KMC010;PANASONIC DRAWER - ADAPTER;0;190;;1;0.00;0.00;0.00;0.00;0.00;0.00;0.00;0.00
PAN;PAN-JS170CD-U20;CASH DRAWER JS170CD;20;2350;PALL B;2;0.00;0.00;0.00;0.00;2149.00;0.00;0.00;0.00
;PAN-JS930DS-020;PROT SHEET TP JS930 (NEW);0;110;C86;1;0.00;0.00;0.00;0.00;0.00;0.00;0.00;0.00
970;PAN-JS970SD-020;JS970 2nd DISPLAY UNIT;22;5095;PALL A;2;0.00;0.00;0.00;0.00;5095.00;0.00;0.00;0.00
970;PAN-JS970SDB010;JS970 2nd DISPLAY BRACKET;24;794;PALL A;2;0.00;0.00;0.00;0.00;794.00;0.00;0.00;0.00
970;PAN-JS970WS0M70;KASSA JS970WS 0M70;17;17100;PALL A;2;0.00;0.00;0.00;0.00;17100.00;0.00;0.00;0.00
970;PAN-PGWU1210ZAJ1;MAIN PC BOARD, JS970;0;7682;C63;2;0.00;0.00;0.00;0.00;0.00;0.00;0.00;0.00
950;PAN-YJ-950001;I/O PCB;1;690;C73;2;0.00;0.00;0.00;0.00;0.00;0.00;0.00;0.00
PAN;PAN-YJ001-2R;GEAR (BEARING);0;25;C64;1;0.00;0.00;0.00;0.00;0.00;0.00;0.00;0.00
PAN;PAN-YJ003-2;DRAWER PUSH SPRING;0;41;C62;1;0.00;0.00;0.00;0.00;0.00;0.00;0.00;0.00
PAN;PAN-YJ008-3;SUPPORT, HOLDER;0;26;C63;1;0.00;0.00;0.00;0.00;0.00;0.00;0.00;0.00
PAN;PAN-YJ008-4;CURRENCY CLIP;0;22;C63;1;0.00;0.00;0.00;0.00;0.00;0.00;0.00;0.00
PAN;PAN-YJ040-5;MICRO SWITCH;7;58;MIG;2;0.00;0.00;0.00;0.00;0.00;0.00;0.00;0.00
950;PAN-YJ51-097209;POP HOLDER, JS950;10;97;C73;2;0.00;0.00;0.00;0.00;0.00;0.00;0.00;0.00
960;PAN-YJ51-107077;REAR COVER JS960;1;450;C66;2;0.00;0.00;0.00;0.00;0.00;0.00;0.00;0.00
960;PAN-YJ51-107090;STAND 2ND DISPLAY COVER;0;0;;2;0.00;0.00;0.00;0.00;0.00;0.00;0.00;0.00
960;PAN-YJ54-273546;DVI-I 2ND DISPLAY JS960;0;0;C65;2;0.00;0.00;0.00;0.00;0.00;0.00;0.00;0.00
960;PAN-YJ54-273547;POWER 2ND DISPLAY JS960;1;319;C65;2;0.00;0.00;0.00;0.00;0.00;0.00;0.00;0.00
950;PAN-YJ55-100109;POWER SUPPLY, JS950;1;2685;C73;2;0.00;0.00;0.00;0.00;0.00;0.00;0.00;0.00
960;PAN-YJ55-120759;POWER SUPPLY JS960;2;1938;C66;2;0.00;0.00;0.00;0.00;0.00;0.00;0.00;0.00
960;PAN-YJ56-300142;SO-DIMM MEMORY JS960;5;242;C64;2;0.00;0.00;0.00;0.00;0.00;0.00;0.00;0.00
960;PAN-YJ560960-31;LCD REAR COVER JS960;2;654;C86;2;0.00;0.00;0.00;0.00;0.00;0.00;0.00;0.00
960;PAN-YJ560960-49;TOUCH PANEL UNIT JS960;0;5070;C67;1;0.00;0.00;0.00;0.00;0.00;0.00;0.00;0.00
960;PAN-YJ560960-85;PLASTIC FOOT JS960;12;142;C65;2;0.00;0.00;0.00;0.00;0.00;0.00;0.00;0.00
960;PAN-YJ57-105548;LCD FRONT COVER JS960;1;532;C75;2;0.00;0.00;0.00;0.00;0.00;0.00;0.00;0.00
950;PAN-YJ58-060356;CARD READER, JS950;2;924;C73;2;0.00;0.00;0.00;0.00;0.00;0.00;0.00;0.00
950;PAN-YJ58-140292;15INCH LCD;1;3320;C72;2;0.00;0.00;0.00;0.00;0.00;0.00;0.00;0.00
950;PAN-YJ9515HNGAAA;15INCH LCD HINGE KIT;3;1328;C72;2;0.00;0.00;0.00;0.00;0.00;0.00;0.00;0.00
950;PAN-YJ9515LCDAAA;15INCH LCD KIT;2;785;C75;2;0.00;0.00;0.00;0.00;0.00;0.00;0.00;0.00
950;PAN-YJ9515TPCAAA;15INCH TOP COVER KIT;1;530;C76;2;0.00;0.00;0.00;0.00;0.00;0.00;0.00;0.00
950;PAN-YJ95LCDHC1AA;HINGE COVER TOP;2;177;C75;2;0.00;0.00;0.00;0.00;0.00;0.00;0.00;0.00
950;PAN-YJ95LCDHC2AA;HINGE COVER BOTTOM W/2 SCREWS;2;211;C75;2;0.00;0.00;0.00;0.00;0.00;0.00;0.00;0.00
950;PAN-YJ95LCDHC3AA;HINGE YSB CABLE COVER;5;197;C73;2;0.00;0.00;0.00;0.00;0.00;0.00;0.00;0.00
950;PAN-YJ95REARCAAA;REAR COVER VFD KIT 950;1;817;C72;2;0.00;0.00;0.00;0.00;0.00;0.00;0.00;0.00
960;PAN-YJ960000-61;MAIN PC BOARD, JS960;1;7682;C64;2;0.00;0.00;0.00;0.00;0.00;0.00;0.00;0.00
960;PAN-YJ9600000-80;2nd DISPLAY BOARD;1;1588;C64;2;0.00;0.00;0.00;0.00;0.00;0.00;0.00;0.00
PAN;PAN-YJJWR00430B4;CYLINDER LOCK UNIT 501;7;210;C63;2;0.00;0.00;0.00;0.00;169.00;0.00;0.00;0.00
PAN;PAN-YJJWR00440B4;NYCKEL, C/D 501 PAN;15;70;C63;2;0.00;0.00;0.00;0.00;55.00;0.00;0.00;0.00
PAN;PAN-YJM-0711;HOLDER SPRING;50;8;C64;2;0.00;0.00;0.00;0.00;0.00;0.00;0.00;0.00
PAN;PAN-ÖVRIGT;PANASONIC  - ÖVRIG FÖRSÄL;0;0;;1;0.00;0.00;0.00;0.00;0.00;0.00;0.00;0.00
RESA;PARKERING;PARKERINGSKOSTNAD;0;0;;1;0.00;0.00;0.00;0.00;0.00;0.00;0.00;0.00
DAT;PC-ÖVRIGT;ÖVRIGT DATA;0;0;;1;0.00;0.00;0.00;0.00;0.00;0.00;0.00;0.00
DAT;PHI-243V7Q;PHILIPS 24" HDMI MONITOR;8;1695;;2;0.00;0.00;0.00;0.00;1695.00;0.00;0.00;0.00
AAP;PI-GO-LIVE;PI GO-LIVE SUPPORT;0;0;;1;0.00;0.00;0.00;0.00;7208.00;0.00;0.00;0.00
PIN;PIN-CLEAN10;CLEANING CARD, 10-pack;1;197;M12;2;0.00;0.00;0.00;0.00;190.00;0.00;0.00;0.00
PIN;PIN-DTP101;POLE 120 KASSADISK;2;585;PALL A;2;0.00;0.00;0.00;0.00;585.00;0.00;0.00;0.00
PIN;PIN-EKAB010;RENOVERINGSKIT DT-ARM;0;115;L12;1;0.00;0.00;0.00;0.00;122.00;0.00;0.00;0.00
PIN;PIN-EKAB011;PINPAD DT-ARM;28;1175;L21;2;0.00;0.00;0.00;0.00;1125.00;0.00;0.00;0.00
PIN;PIN-IPP350-2MS;KABEL, iPP350, 2M SERIELL;18;320;M12;2;0.00;0.00;0.00;0.00;308.00;0.00;0.00;0.00
PIN;PIN-IPP350-PSU;POWERSUPPLY, iPP350;3;260;M12;2;0.00;0.00;0.00;0.00;251.00;0.00;0.00;0.00
PIN;PIN-KLÄMMA;KLÄMMA FÖR DT-ARM;0;1324;L31;1;0.00;0.00;0.00;0.00;1277.00;0.00;0.00;0.00
PIN;PIN-MCD622;BASPLATTA iPP350;25;355;PALL A;2;0.00;0.00;0.00;0.00;355.00;0.00;0.00;0.00
PIN;PIN-MCD624;LEDAD FÖRLÄNGNING DT-ARM;24;1328;L21;2;0.00;0.00;0.00;0.00;1279.00;0.00;0.00;0.00
PIN;PIN-MCD627;BÄNKFÄSTE 60 LEDAT;6;2078;L31;2;0.00;0.00;0.00;0.00;2078.00;0.00;0.00;0.00
PIN;PIN-SP1-1100;POLE 250 DT-ARM;27;404;L31;2;0.00;0.00;0.00;0.00;390.00;0.00;0.00;0.00
PIN;PIN-STO031;KOMPLETT VÄGGFÄSTE DT-ARM;11;2995;L32;2;0.00;0.00;0.00;0.00;2995.00;0.00;0.00;0.00
PIN;PIN-SYS126;DBLHÄFTANDE TEJP, RUND;3;69;L31;2;0.00;0.00;0.00;0.00;73.00;0.00;0.00;0.00
ADM;PORTO EKDB;PORTO DISTRIBUTION;0;0;;1;0.00;0.00;0.00;0.00;0.00;0.00;0.00;0.00
FRA;POSTEN;POSTEN EXPRESS 10.00;0;0;;1;0.00;0.00;0.00;0.00;0.00;0.00;0.00;0.00
EPS;PS-180;POWERSUPPLY PS180;9;405;N13;2;0.00;0.00;0.00;0.00;295.00;0.00;0.00;0.00
QUAI;Q-48V;PSU PRO7 BASE;0;326;D34;1;0.00;0.00;0.00;326.00;0.00;0.00;0.00;326.00
QUAI;Q-P10BS;PRO10 BASE STATION;1;0;;2;0.00;0.00;7995.00;0.00;0.00;0.00;0.00;0.00
QUAI;Q-P10CH;PRO10 6 PORT CHARGER;1;0;;2;0.00;0.00;3895.00;0.00;0.00;0.00;0.00;0.00
QUAI;Q-P10HS;PRO10 HEADSET INC BATTERY & HB;6;0;;2;0.00;0.00;3775.00;0.00;0.00;0.00;0.00;0.00
QUAI;Q-P10RP;PRO10 REGISTRATION POINT;1;0;;2;0.00;0.00;3995.00;0.00;0.00;0.00;0.00;0.00
QUAI;Q-P10SHELF;BATTERY CHARGER SHELF;0;0;;2;0.00;0.00;775.00;775.00;0.00;0.00;0.00;0.00
QUAI;Q-P11;PRO11 HEADSET BUNDLE;0;0;;3;0.00;0.00;74000.00;0.00;0.00;0.00;0.00;0.00
QUAI;Q-P11BS;PRO11 BASE STATION;0;0;;2;0.00;0.00;26875.00;0.00;0.00;0.00;0.00;0.00
QUAI;Q-P11CH;PRO11 6 PORT CHARGER;0;0;;2;0.00;0.00;3695.00;0.00;0.00;0.00;0.00;0.00
QUAI;Q-P11HS;PRO11 HEADSET INC BATTERY & HB;0;0;;2;0.00;0.00;2995.00;0.00;0.00;0.00;0.00;0.00
QUAI;Q-P7BS;BASE QUAIL PRO7, 30 user;0;0;D35;2;0.00;0.00;7995.00;7995.00;0.00;0.00;0.00;0.00
QUAI;Q-P7CH;HEADSET CHARGER 6 PORT;0;0;D34;2;0.00;0.00;3695.00;3695.00;0.00;0.00;0.00;0.00
QUAI;Q-P7HS;HEADSET PRO7;4;0;D34;2;0.00;0.00;2995.00;2995.00;0.00;0.00;0.00;0.00
QUAI;Q-P7RS;REGISTRATION SWITCH PRO7;0;0;D34;2;0.00;0.00;475.00;475.00;0.00;0.00;0.00;0.00
QUAI;Q-PRO11 SYS;PRO11 DIGITAL HEALTCARE HS-SYS;0;46900;;3;0.00;0.00;0.00;0.00;0.00;0.00;0.00;0.00
QUAI;Q-RH7BAT;BATTERY Q-RH7;12;0;D33;2;0.00;0.00;425.00;425.00;0.00;0.00;0.00;0.00
QUAI;Q-RH7EC;EAR CUSHIONS, RH7;50;0;D33;2;0.00;0.00;148.00;148.00;0.00;0.00;0.00;0.00
QUAI;Q-RH7HB;HEADBAND, Q-RH7;40;0;D32;2;0.00;0.00;295.00;295.00;0.00;0.00;0.00;0.00
QUAI;Q-RH7HC;HYGIENE COVERS (100 PACK);3;0;D33;2;0.00;0.00;195.00;195.00;0.00;0.00;0.00;0.00
QUAI;Q-RH7NB;NECKBAND, Q-RH7;0;0;D32;1;0.00;0.00;295.00;295.00;0.00;0.00;0.00;0.00
KON;QUAIL-AVTAL;SERVICEAVTAL  LIDL;0;0;;1;0.00;0.00;0.00;0.00;0.00;0.00;0.00;375.00
ARB;QX-ELOINST;INSTALLATION STÄMPELPLATTA;0;3400;;1;0.00;0.00;0.00;0.00;0.00;0.00;0.00;0.00
DAT;RJ45-D25M;PRINTERKABEL TP, D25M;36;152;N12;2;0.00;0.00;0.00;0.00;146.00;0.00;0.00;0.00
DAT;RJ45-D9F;PRINTERKABEL TP, D9F;33;168;N12;2;0.00;0.00;0.00;0.00;162.00;0.00;0.00;0.00
RESA;RK;RESKOSTNAD;0;50;;1;0.00;50.00;50.00;50.00;48.00;50.00;0.00;50.00
RESA;RK FI;RESKOSTNAD;0;0;;1;0.00;0.00;0.00;0.00;0.00;0.00;0.00;0.00
RESA;RKOST;RESEKOSTNADER;0;0;;1;0.00;0.00;0.00;0.00;0.00;0.00;0.00;0.00
RESA;RKX;RESKOSTNAD  KONTOR-X;0;0;;1;0.00;0.00;0.00;0.00;48.00;275.00;0.00;0.00
AV;RS-521-223;AXIS Enet Cable M12-RJ45;0;390;O63;1;0.00;0.00;0.00;0.00;0.00;0.00;0.00;0.00
RESA;RT1;RESTID TEKNIKER 06-17;0;660;;1;0.00;487.00;519.00;519.00;636.00;505.00;0.00;606.00
RESA;RT2;RESTID TEKNIKER 17-22;0;990;;1;0.00;714.00;768.00;768.00;795.00;746.00;0.00;877.00
RESA;RT3;RESTID TEKNIKER 22-06;0;1418;;1;0.00;941.00;1017.00;1017.00;954.00;988.00;0.00;1017.00
ARB;RTPT1;RESTID PI TEKNIKER 06-17;0;510;;1;0.00;0.00;0.00;0.00;541.00;0.00;0.00;0.00
RESA;RTS1;RESTID SYST/PROJ 06-17;0;906;;1;0.00;0.00;0.00;0.00;0.00;0.00;0.00;0.00
RESA;RTS2;RESTID SYST/PROJ 17-22;0;1389;;1;0.00;0.00;0.00;0.00;0.00;0.00;0.00;0.00
RESA;RTS3;RESTID SYST/PROJ NATT/HELG;0;1743;;1;0.00;0.00;0.00;0.00;0.00;0.00;0.00;0.00
FRA;S-BPU;FRAKT POSTEN UTLAND;0;0;;1;0.00;0.00;0.00;0.00;0.00;0.00;0.00;0.00
FRA;S-PP;POSTPORTO;0;0;;1;0.00;0.00;0.00;0.00;0.00;0.00;0.00;0.00
DAT;SA-LS22E45KBS;PRESENTER 22" S22E450B;10;1595;L21;2;1425.00;1595.00;0.00;0.00;1595.00;0.00;0.00;0.00
DAT;SA-LS24E45UDLC;MONITOR 24" SAMSUNG S24E450;0;1425;;2;1425.00;1625.00;0.00;0.00;1685.00;0.00;0.00;0.00
SATO;SATO-ATW;LABOUR SATO WARRANTY;0;0;;1;0.00;0.00;0.00;0.00;0.00;0.00;0.00;0.00
SATO;SATO-DOWNPACK;SATO DOWNPACK HT200e;6;515;D22;2;0.00;0.00;0.00;0.00;0.00;0.00;0.00;0.00
SATO;SATO-G00011000;PRINT HEAD HT200e;0;1208;D23;2;0.00;0.00;0.00;0.00;0.00;0.00;0.00;0.00
SATO;SATO-K00272001;STEPPING MOTOR-LF TH208;0;0;D21;1;0.00;0.00;0.00;0.00;0.00;0.00;0.00;0.00
SATO;SATO-K00550600;EXTERNEL PSU TH208;3;1170;D21;2;0.00;0.00;0.00;0.00;0.00;0.00;0.00;0.00
SATO;SATO-KA800261A;BATTERY HT200e;0;105;D23;1;0.00;0.00;0.00;0.00;0.00;0.00;0.00;0.00
SATO;SATO-P00297000;COVER TOP HT200e;2;345;D24;2;0.00;0.00;0.00;0.00;0.00;0.00;0.00;0.00
SATO;SATO-P00300001;KEYPAD for HT200e;0;286;D23;2;0.00;0.00;0.00;0.00;0.00;0.00;0.00;0.00
SATO;SATO-P28154010;LCD CUSHION TH208;8;22;D25;2;0.00;0.00;0.00;0.00;0.00;0.00;0.00;0.00
SATO;SATO-P28192040;DISPENSE FRAME TH208;2;132;D21;2;0.00;0.00;0.00;0.00;0.00;0.00;0.00;0.00
SATO;SATO-P28195030;BOTTOM FRAME C Th208;5;63;D21;2;0.00;0.00;0.00;0.00;0.00;0.00;0.00;0.00
SATO;SATO-P28272020;FRONT COVER TH208;6;73;D21;2;0.00;0.00;0.00;0.00;0.00;0.00;0.00;0.00
SATO;SATO-P28515010;SPRING(DAMPER) TH208;4;0;D21;2;0.00;0.00;0.00;0.00;0.00;0.00;0.00;0.00
SATO;SATO-P28517010;HANDLE PIN TH208;0;32;D21;2;0.00;0.00;0.00;0.00;0.00;0.00;0.00;0.00
SATO;SATO-P28518000;LCD SHAFT TH208;2;29;D25;2;0.00;0.00;0.00;0.00;0.00;0.00;0.00;0.00
SATO;SATO-P30852020;DIS SENSOR COVER TH208;1;52;D21;2;0.00;0.00;0.00;0.00;0.00;0.00;0.00;0.00
SATO;SATO-P30854030;LCD TOP CASE TH208;4;65;D25;2;0.00;0.00;0.00;0.00;0.00;0.00;0.00;0.00
SATO;SATO-P30855030;LCD BOTTOM CASE TH208;4;65;D25;2;0.00;0.00;0.00;0.00;0.00;0.00;0.00;0.00
SATO;SATO-P30857010;HINGE PLATE(LCD) TH208;2;35;D25;2;0.00;0.00;0.00;0.00;0.00;0.00;0.00;0.00
SATO;SATO-P30864011;HANDLE TH208;2;224;D21;2;0.00;0.00;0.00;0.00;0.00;0.00;0.00;0.00
SATO;SATO-PE1500102;COVER LATCH HT200e;3;68;D23;2;0.00;0.00;0.00;0.00;0.00;0.00;0.00;0.00
SATO;SATO-PE1500500;HANDLE HT200e;0;426;D23;1;0.00;0.00;0.00;0.00;0.00;0.00;0.00;0.00
SATO;SATO-PE4500100;PAPERROLL GUIDE CORE HT200e;6;75;D22;2;0.00;0.00;0.00;0.00;0.00;0.00;0.00;0.00
SATO;SATO-PE6500100;LID HT200e;12;17;D23;2;0.00;0.00;0.00;0.00;0.00;0.00;0.00;0.00
SATO;SATO-PE6500200;CONNECTOR COVER HT200e;4;83;D23;2;0.00;0.00;0.00;0.00;0.00;0.00;0.00;0.00
SATO;SATO-PE6500300;M/C COVER HT200e;7;76;D23;2;0.00;0.00;0.00;0.00;0.00;0.00;0.00;0.00
SATO;SATO-PE6500500;IC COVER HT200e;6;90;D23;2;0.00;0.00;0.00;0.00;0.00;0.00;0.00;0.00
SATO;SATO-PE6500601;HANDLE PIN HT200e;15;19;D23;2;0.00;0.00;0.00;0.00;0.00;0.00;0.00;0.00
SATO;SATO-PE6501402;COVER HT200e;7;69;D23;2;0.00;0.00;0.00;0.00;0.00;0.00;0.00;0.00
SATO;SATO-PE6501800;PROTECTION SHEET for HT200e;0;37;D23;1;0.00;0.00;0.00;0.00;0.00;0.00;0.00;0.00
SATO;SATO-PH0500402;REAR COVER HT200e;4;252;D24;2;0.00;0.00;0.00;0.00;0.00;0.00;0.00;0.00
SATO;SATO-PR7500902;DISPENSE FRAM HT200e;0;243;D23;1;0.00;0.00;0.00;0.00;0.00;0.00;0.00;0.00
SATO;SATO-PR7501400;POWER CORD CABLE ASSY HT200e;0;720;D23;1;0.00;0.00;0.00;0.00;0.00;0.00;0.00;0.00
SATO;SATO-PT9500200;NYLON RIVE HT200e;10;15;D23;2;0.00;0.00;0.00;0.00;0.00;0.00;0.00;0.00
SATO;SATO-PZ0500602;BOTTOM COVER (NSL) HT200e;6;197;D24;2;0.00;0.00;0.00;0.00;0.00;0.00;0.00;0.00
SATO;SATO-Q02477000;KEY PAD (ITN) TH208;0;376;D21;2;0.00;0.00;0.00;0.00;0.00;0.00;0.00;0.00
SATO;SATO-R10878000;PAPER GUIDE SPRING HT200e;3;350;D22;2;0.00;0.00;0.00;0.00;0.00;0.00;0.00;0.00
SATO;SATO-R13527020;BOTTOM COVER SET TH208;2;722;D21;2;0.00;0.00;0.00;0.00;0.00;0.00;0.00;0.00
SATO;SATO-R13531030;PLATEN ROLLER SUB TH208;0;611;D21;2;0.00;0.00;0.00;0.00;0.00;0.00;0.00;0.00
SATO;SATO-R13636070;TOP FRAME SET TH208;2;611;D21;2;0.00;0.00;0.00;0.00;0.00;0.00;0.00;0.00
SATO;SATO-R13680000;FI/TH LCD SUB ASSY - LF TH208;1;2450;D23;2;0.00;0.00;0.00;0.00;0.00;0.00;0.00;0.00
SATO;SATO-R13686000;TOP CABLE ASSY-LF TH208;0;325;D25;1;0.00;0.00;0.00;0.00;0.00;0.00;0.00;0.00
SATO;SATO-R14591020;BOTTOM FRAME  A(COAT) TH208;2;770;D21;2;0.00;0.00;0.00;0.00;0.00;0.00;0.00;0.00
SATO;SATO-R14739030;LCD COVER TH208;4;91;D25;2;0.00;0.00;0.00;0.00;0.00;0.00;0.00;0.00
SATO;SATO-R15154010;TOP COVER(SILK)ITN TH208;0;357;D21;2;0.00;0.00;0.00;0.00;0.00;0.00;0.00;0.00
SATO;SATO-R15824011;HEAD COVER (COAT) FOR TH208;1;263;D23;2;0.00;0.00;0.00;0.00;0.00;0.00;0.00;0.00
SATO;SATO-REP;REPARATION SATO;0;0;;1;0.00;0.00;0.00;0.00;0.00;0.00;0.00;0.00
SATO;SATO-RH1A40001;LCD CABLE ASSY HT200e;0;164;D23;1;0.00;0.00;0.00;0.00;0.00;0.00;0.00;0.00
SATO;SATO-RH1A40800;LCD FG CORD SET HT200e;0;81;D23;1;0.00;0.00;0.00;0.00;0.00;0.00;0.00;0.00
SATO;SATO-RH1A40900;KEY PCB SET HT200e;0;81;D23;1;0.00;0.00;0.00;0.00;0.00;0.00;0.00;0.00
SATO;SATO-RJ0500208;INTERNAL PSU, HT200e;2;2085;D22;2;0.00;0.00;0.00;0.00;0.00;0.00;0.00;0.00
SATO;SATO-RJ1A45200;KEY PCB HT200e;1;645;D23;2;0.00;0.00;0.00;0.00;0.00;0.00;0.00;0.00
SATO;SATO-TH208E;SATO PRINTER TH208;4;9600;D12;2;0.00;0.00;0.00;0.00;9100.00;0.00;0.00;0.00
SATO;SATO-Y70190100427;KEYBOARD COVER HT200e;19;64;D23;2;0.00;0.00;0.00;0.00;0.00;0.00;0.00;0.00
SATO;SATO-Y70190100428;KEYBOARD COVER TH208;12;104;D25;2;0.00;0.00;0.00;0.00;0.00;0.00;0.00;0.00
SATO;SATO-ÖVRIGT;ÖVRIGT SATO;0;0;;1;0.00;0.00;0.00;0.00;0.00;0.00;0.00;0.00
HME;SCH-COD;COD MONITOR INKL PSU;0;18900;M22;2;0.00;0.00;0.00;0.00;0.00;0.00;0.00;0.00
HME;SCH-COD-FRONT;FRONT COD SCHILLER;0;8550;M31;2;0.00;0.00;0.00;0.00;0.00;0.00;0.00;0.00
HME;SCH-COD-KEY;KEY FOR COD;5;260;C34;2;0.00;0.00;0.00;0.00;0.00;0.00;0.00;0.00
HME;SCH-CODPSU;COD PSU SCHILLER;0;1595;M41;2;0.00;0.00;0.00;0.00;0.00;0.00;0.00;0.00
HME;SCH-SP4880;SPEAKERPOST w/o COD;-2;36900;PALL;2;0.00;0.00;0.00;0.00;0.00;0.00;0.00;0.00
HME;SCH-SP4909BEE;SPEAKERPOST KOMPLETT m COD BEE;0;49900;;3;0.00;0.00;0.00;0.00;0.00;0.00;0.00;0.00
HME;SCH-SP4909COD;SPEAKERPOST KOMPLETT m COD;0;49900;pall;2;0.00;0.00;0.00;0.00;0.00;0.00;0.00;0.00
;SKATT;DEBITERING AV KEMIKALIESKATT;0;450;;1;0.00;0.00;0.00;0.00;0.00;0.00;0.00;0.00
DAT;SKRIVARE;SKRIVARE;0;2650;X;2;0.00;0.00;0.00;0.00;0.00;0.00;0.00;0.00
AAP;SO-1650;BUMPBAR USB, SOTEC;15;1350;N33;2;0.00;0.00;0.00;0.00;1471.00;0.00;0.00;0.00
AAP;SO-1663;WIRELESS BUMPBAR;15;1950;;2;0.00;0.00;0.00;0.00;0.00;0.00;0.00;0.00
AAP;SO-1664A;RECEIVER WIRELESS BB CODE A;21;1245;N43;2;0.00;0.00;0.00;0.00;1289.00;0.00;0.00;0.00
AAP;SO-1664B;RECEIVER WIRELESS BB CODE B;2;1245;N43;2;0.00;0.00;0.00;0.00;1289.00;0.00;0.00;0.00
AAP;SO-1664C;RECEIVER WIRELESS BB CODE C;2;1245;N43;2;0.00;0.00;0.00;0.00;1289.00;0.00;0.00;0.00
AAP;SO-1664D;RECEIVER WIRELESS BB CODE D;0;1245;N43;2;0.00;0.00;0.00;0.00;1289.00;0.00;0.00;0.00
AAP;SO-1664E;RECEIVER WIRELESS BB CODE E;2;1245;N43;2;0.00;0.00;0.00;0.00;1289.00;0.00;0.00;0.00
AAP;SO-1664F;RECEIVER WIRELESS BB CODE F;6;1245;N43;2;0.00;0.00;0.00;0.00;1289.00;0.00;0.00;0.00
AAP;SO-1664G;RECEIVER WIRELESS BB CODE G;5;1245;;2;0.00;0.00;0.00;0.00;1289.00;0.00;0.00;0.00
AAP;SO-1664H;RECEIVER WIRELESS BB CODE H;1;1245;;2;0.00;0.00;0.00;0.00;1289.00;0.00;0.00;0.00
AAP;SO-VINKEL;VINKELFÄSTE BUMPBAR;0;208;;1;0.00;0.00;0.00;0.00;200.00;0.00;0.00;0.00
DAT;ST-2565315;KOPPLINGSSKÅP;0;0;;2;0.00;0.00;0.00;0.00;0.00;0.00;0.00;0.00
STR;STR-FA281;PERFORMED FA281;0;0;;1;0.00;0.00;0.00;0.00;0.00;0.00;170.00;0.00
STR;STR-LP1000LB;LIFEPAK 1000 LITHIUM BATTERY;0;0;;1;0.00;0.00;0.00;0.00;0.00;0.00;1200.00;0.00
STR;STRYKER;STARTUP;0;0;;1;0.00;0.00;0.00;0.00;0.00;0.00;0.00;0.00
AAP;SYS-KONFIG;SYSTEM KONFIGURATION;0;5000;;1;0.00;0.00;0.00;0.00;0.00;0.00;0.00;0.00
RESA;TAXI;KOSTNADER TAXIRESOR;0;0;;1;0.00;0.00;0.00;0.00;0.00;0.00;0.00;0.00
ÖVR;TELEFON;TELEFON;0;0;;2;0.00;0.00;0.00;0.00;0.00;0.00;0.00;0.00
AAP;TIDUR-KABEL;KABEL STÄMPELKLOCKA;0;380;;1;0.00;0.00;0.00;0.00;0.00;0.00;0.00;0.00
EPS;TM-L90;PRINTER TM-L90 RESTICK;18;3775;M11;2;0.00;0.00;0.00;0.00;0.00;0.00;0.00;0.00
EPS;TM-T70II;PRINTER TM-T70II  FRONTMATAD;10;2075;M21;2;0.00;0.00;0.00;0.00;2290.00;0.00;0.00;0.00
EPS;TM-T88IV RS;PRINTER TM88 RESTICK;1;3513;M11;2;0.00;0.00;0.00;0.00;3389.00;0.00;0.00;0.00
RESA;TR-DAG;ENDAGSTRAKTAMENTE <12 TIM;0;145;;1;0.00;0.00;0.00;0.00;530.00;0.00;0.00;0.00
RESA;TR-DAG12;ENDAGSTRAKTAMENTE >12 TIM;0;290;;1;0.00;0.00;0.00;0.00;530.00;0.00;0.00;0.00
RESA;TR-NATT;TRAKTAMENTE ÖVERNATTNING;0;220;;1;0.00;0.00;0.00;0.00;530.00;0.00;0.00;0.00
RESA;TRAKTAMENTE;TRAKTAMENTE;0;500;;1;0.00;0.00;0.00;0.00;530.00;400.00;0.00;500.00
RESA;TÅG;KOSTNAD TÅGRESA;0;0;;1;0.00;0.00;0.00;0.00;0.00;0.00;0.00;0.00
EPS;UN-1521478;AUTO CUTTER UNIT  NEW;5;325;C71;2;0.00;0.00;0.00;0.00;0.00;0.00;0.00;0.00
EPS;UN-2092666;INTERFACE RS232 TMT88;1;466;C71;2;0.00;0.00;0.00;0.00;0.00;0.00;0.00;0.00
EPS;UN-2129080;THERMAL PRINT HEAD;6;489;C71;2;0.00;0.00;0.00;0.00;0.00;0.00;0.00;0.00
DAT;USB-WIM;USB-MINNE WIM NP6 7.1;0;600;;1;0.00;0.00;0.00;0.00;636.00;0.00;0.00;0.00
UTB;UTB-AIO6100;HEADSET AIO ION6100 UTBYTE;1;6610;L22;2;0.00;0.00;0.00;0.00;0.00;0.00;0.00;0.00
UTB;UTB-AIO6200;HEADSET AIO EOS6200 UTBYTE;6;0;L22;2;0.00;0.00;0.00;0.00;0.00;0.00;0.00;0.00
UTB;UTB-AIO6300;HEADSET AIO EOS6300 UTBYTE;3;0;;2;0.00;0.00;0.00;0.00;0.00;0.00;0.00;0.00
UTB;UTB-BP;BELTPACK HME UTBYTE;3;1500;L22;2;0.00;0.00;0.00;0.00;0.00;0.00;0.00;0.00
UTB;UTB-BS6000;BASSTATION HME6000 UTLÅN;2;0;L22;2;0.00;0.00;0.00;0.00;0.00;0.00;0.00;0.00
UTB;UTB-BS6100;BASSTATION HME6100  UTLÅN;2;0;L22;2;0.00;0.00;0.00;0.00;0.00;0.00;0.00;0.00
UTB;UTB-BUMPBAR S;BUMPBAR UTBYTE SOTEC;0;0;L22;1;0.00;0.00;0.00;0.00;0.00;0.00;0.00;0.00
UTB;UTB-HP;UTBYTE HP T630 THIN CLIENT;1;639;;2;0.00;0.00;0.00;0.00;0.00;0.00;0.00;0.00
UTB;UTB-KASSA;KASSA UTBYTESENHET;0;12900;;1;0.00;0.00;0.00;0.00;0.00;0.00;0.00;0.00
UTB;UTB-SATO;SATO PRINTER UTBYTESENHET;7;7975;L12;2;0.00;0.00;0.00;0.00;0.00;0.00;0.00;0.00
UTB;UTB-VXL752;VXL 752 - UTBYTESENHET;2;5950;L12;2;0.00;0.00;0.00;0.00;0.00;0.00;0.00;0.00
UTB;UTB-WYSE;UTBYTE WYSE 7020;3;5500;;2;0.00;0.00;0.00;0.00;0.00;0.00;0.00;0.00
UTB;UTB-ZERO;UTBYTE NCR ZERO CLIENT;1;1415;;2;0.00;0.00;0.00;0.00;0.00;0.00;0.00;0.00
MENY;VA-VÄGGFÄSTE;UNIVERSELL VÄGGFÄSTE;0;415;L11;1;0.00;0.00;0.00;0.00;401.00;0.00;0.00;0.00
RESA;VS;VÄGSKATT;0;60;;1;0.00;0.00;0.00;0.00;0.00;0.00;0.00;0.00
AAP;VXL-SLBRK;SLIDING BRACKET VXL;0;715;KALL;1;0.00;0.00;0.00;0.00;690.00;0.00;0.00;0.00
AAP;VXL-SSD32;SOLID-STATE DRIVE 32G;0;1075;C85;1;0.00;0.00;0.00;0.00;0.00;0.00;0.00;0.00
AAP;WY-7020-PSU;POWER SUPPLY WYSE 7020;1;495;M41;2;0.00;0.00;0.00;0.00;525.00;0.00;0.00;0.00
HOT;ZE-210062;ZEBRA XSLATE L10 TABLET;2;13864;;2;0.00;0.00;0.00;0.00;0.00;0.00;0.00;0.00
HOT;ZE-300160;ZEBRA OFFICE DOCK;0;3064;;2;0.00;0.00;0.00;0.00;0.00;0.00;0.00;0.00
HHOT;ZE-400005;ZEBRA SHOULDER STRAP;2;0;;2;0.00;0.00;0.00;0.00;0.00;0.00;0.00;0.00
HOT;ZE-410055;ZEBRA HAND STRAP;0;560;;2;0.00;0.00;0.00;0.00;0.00;0.00;0.00;0.00
HOT;ZE-CRD-L10-IND04;ZEBRA INDUSTRIAL DOCK;2;2740;;2;0.00;0.00;0.00;0.00;0.00;0.00;0.00;0.00
MENY;ZO-37210;PENDEL MENYTAVLA;0;825;;1;0.00;0.00;0.00;0.00;796.00;0.00;0.00;0.00
MENY;ZO-42959;KONSOLL FÖR TAKFÄSTE;0;233;;1;0.00;0.00;0.00;0.00;225.00;0.00;0.00;0.00
